ItemID,MerchType,Merchant,Link
3121,Sticker,Scott LLC,https://www.stone-thompson.com/
5827,T-shirt,Miller-Robinson,http://davis-spears.com/
6840,Album,Miller Ltd,https://www.wilkinson.com/
1802,Poster,Murphy-Hernandez,http://www.williams.com/
3397,Keychain,"Frye, Allen and Goodman",http://www.frost-moore.com/
6381,Sticker,Turner-Thomas,http://dunn.info/
9516,Sticker,Gomez-Little,http://riley.com/
3753,T-shirt,Anderson-Wright,http://freeman.com/
4308,Album,Leonard Inc,http://www.navarro-black.com/
8918,Album,"Palmer, Rosales and Guerrero",https://castaneda.biz/
5882,Album,Calderon Ltd,https://wilkins-mendoza.info/
7737,T-shirt,"Reed, Short and Liu",http://www.nichols.com/
7692,Sticker,Castro Inc,http://www.perez-jones.org/
2118,Album,"Sullivan, Sexton and Lopez",https://martinez-shepard.net/
4801,Sticker,"Fuentes, Logan and Jackson",http://miller-lynch.biz/
7887,Poster,Larson PLC,https://www.horn.net/
8019,Poster,Banks LLC,https://www.baker.biz/
4369,T-shirt,Martinez Group,https://www.conner.com/
6258,Poster,Perez Ltd,https://www.robinson.com/
3689,Album,"Bryant, Clark and Howard",http://parks.com/
1730,Poster,"Campbell, Hall and Bass",http://sanchez.com/
2169,Sticker,"Ryan, Smith and Spencer",https://mcfarland-miller.net/
3236,T-shirt,Martin-Hale,https://smith.com/
9068,Sticker,"Coffey, Scott and Rios",http://phillips-baker.biz/
2710,Sticker,Perez-Landry,http://www.holmes.com/
3882,T-shirt,Best-Wilkins,http://scott.com/
5609,Poster,Lowe-Luna,http://www.evans.org/
8780,Album,Higgins-Ray,https://www.lee-jones.com/
2225,T-shirt,Mills-Madden,http://zuniga-miller.com/
8995,Keychain,Hoffman-Reed,https://www.walker.com/
4195,Sticker,Swanson-Jones,http://www.fuller.com/
1214,Sticker,Foster LLC,http://martin-garcia.biz/
6689,T-shirt,"Hamilton, Olson and Estrada",http://jennings.org/
8730,Sticker,Salinas and Sons,http://www.rowe-everett.org/
5716,T-shirt,Bell Inc,http://wilson.com/
8926,Poster,Diaz LLC,https://www.stewart.com/
7873,Poster,Miles LLC,https://www.diaz.com/
9582,Keychain,Gibson-Brown,http://www.gill.net/
1027,Sticker,Young-Mitchell,http://sanders.com/
2449,Sticker,"Johnson, Gomez and Ramirez",https://www.beasley-bernard.info/
2962,Sticker,"Gray, Gillespie and Carlson",https://coleman.net/
1382,T-shirt,Gay-Scott,http://montgomery.com/
7384,Sticker,Jones-Campbell,https://www.byrd-casey.com/
7145,T-shirt,Gregory-Richards,http://www.little-clark.com/
6782,T-shirt,Moody-Burton,https://smith-wheeler.com/
1589,Keychain,George-Powell,https://www.harris.com/
6536,Album,Henderson-Washington,https://www.anderson-alexander.com/
6335,Poster,Combs-Ponce,https://www.hernandez.biz/
2707,Poster,Hanson-Martinez,http://www.miller-brown.net/
2032,T-shirt,"Barron, Dawson and Gibbs",http://www.ballard-guerrero.com/
1738,Album,Hubbard PLC,https://luna-gutierrez.com/
2332,Poster,"Anderson, Nelson and Mccall",https://mcbride.com/
6721,T-shirt,Dawson Inc,http://www.zavala.info/
4674,T-shirt,"Taylor, Nelson and Turner",http://murphy.info/
9368,Sticker,Warren-Spencer,https://tate-williams.net/
6947,Sticker,Mills Inc,https://davis-oliver.com/
7146,Keychain,Lyons-Sampson,http://www.weaver-peters.org/
9901,Album,Ashley Inc,https://www.collier-singh.com/
5614,Album,"Walters, Williams and Barron",https://www.bowen.com/
2860,T-shirt,"Powell, Velasquez and Moreno",https://www.campbell-hall.com/
5354,Sticker,"Dawson, Mccoy and Henderson",http://thomas-dudley.biz/
9761,Keychain,Collins Ltd,http://reed.net/
4239,Album,Romero-Sims,http://www.molina.com/
7010,Poster,"Church, Dyer and Ross",http://www.sherman.info/
7059,Sticker,Obrien-Mcdonald,http://www.flores.biz/
7992,Album,Silva-Davila,http://www.rodriguez-leonard.com/
7242,Keychain,"Hunter, Brown and Esparza",https://www.singleton-padilla.net/
2033,T-shirt,"Hoover, Miller and Stephens",http://harrington.com/
7669,Sticker,Robinson Ltd,https://www.brooks-dickerson.com/
1385,Poster,Lee-Simpson,http://www.wallace-carlson.info/
2179,Album,Allison PLC,http://wagner-adams.com/
2892,Sticker,Powers LLC,https://ortega-brown.org/
9329,Sticker,Hernandez-Randolph,http://price-thomas.info/
2222,Album,Singh Ltd,https://www.reid.com/
6002,T-shirt,"Rocha, Barton and Chaney",http://love-gomez.net/
7449,T-shirt,"Rodriguez, Stewart and Miller",https://mayer-chandler.org/
4265,Keychain,Johnson-Lang,http://barnes.com/
7099,Poster,Gomez-Preston,https://www.stephens.info/
4768,T-shirt,"Baker, Whitaker and Mcclain",https://www.bennett-bryant.com/
5549,Keychain,"Greene, Tucker and Sheppard",https://www.washington.com/
7705,Keychain,Ellis-Walker,https://www.mata.biz/
4805,T-shirt,Crawford-Harmon,https://pittman.info/
5182,Poster,Santana-Richardson,https://www.allen-smith.com/
5547,Keychain,"Fox, Phelps and Cook",https://ward.net/
8630,Sticker,Ward Ltd,http://ward-johnson.com/
6067,Poster,"Houston, Ruiz and Morrow",http://www.trevino.info/
6996,Poster,Berry-Pruitt,https://jones.com/
3295,Keychain,"Bautista, Nunez and Nichols",http://bailey-silva.com/
7448,Sticker,Nguyen-Rogers,http://hurst.com/
1362,Sticker,Joyce-King,https://www.jensen-lewis.org/
9298,Sticker,"Miller, George and Ross",http://www.brooks.com/
7312,T-shirt,Fischer-Day,http://www.holloway.net/
6587,Sticker,"Chung, Davis and Bush",https://www.allen-davis.com/
9682,Poster,Hughes PLC,https://www.hawkins-perez.com/
4181,T-shirt,Lewis and Sons,https://porter.com/
6270,Album,Harris and Sons,http://www.valdez.net/
2391,Poster,Day-Mullins,http://lucas.net/
4319,Keychain,"Brown, Morales and Martin",http://dennis.com/
8569,T-shirt,Kane PLC,https://walker.biz/
5918,Album,Gray and Sons,http://gonzales.com/
5443,Keychain,Richards Ltd,http://price.info/
2411,Album,"Day, Martinez and Gonzalez",http://www.graham-schultz.com/
8227,Album,Harris-Lozano,http://www.flores-morgan.com/
1055,Poster,Frank LLC,http://www.massey.com/
7627,Sticker,"Adams, Lamb and Hernandez",https://www.bryant-robinson.net/
4134,Sticker,"Collier, Marsh and Knight",https://www.nunez.com/
9788,Sticker,Garner-Anderson,https://www.burton.biz/
9456,Sticker,Hernandez LLC,https://stevenson.org/
2497,T-shirt,Williams-James,http://frank-costa.com/
6292,Poster,Clark-Randolph,https://whitehead.com/
8222,T-shirt,Smith PLC,http://www.mccarty.com/
2341,Poster,Anderson LLC,http://www.nolan-sherman.com/
8709,T-shirt,Jenkins-Anderson,https://www.tucker.info/
1131,Poster,Calderon-Neal,https://glenn.biz/
9599,Keychain,Ortiz-Snyder,https://www.caldwell.com/
4642,Album,"Franklin, Brown and Knight",http://www.freeman-contreras.biz/
8952,Keychain,"Santiago, Mercer and Robertson",https://miller.com/
8298,T-shirt,Juarez PLC,https://randolph.biz/
2307,Keychain,Guerrero-Williams,http://www.gallegos.info/
3037,T-shirt,"Combs, Martin and Rich",http://www.sanchez.com/
3187,Album,Thompson-Fuller,http://cox.com/
3415,Keychain,Owens-Morales,https://moreno.info/
5191,Poster,Hernandez Ltd,http://hayes.com/
8594,Keychain,Richardson-Maxwell,http://www.berg.com/
4163,Sticker,Davis LLC,https://avila-parsons.com/
5227,Keychain,Mosley and Sons,http://www.barker.com/
2897,Keychain,"Miles, Kennedy and Schmidt",http://mcgee.info/
4851,Poster,Edwards Inc,https://www.mcintosh.com/
8744,T-shirt,Lee Inc,https://www.underwood.com/
2967,Album,Johnson-Carson,http://lopez.com/
6104,Keychain,Perez Inc,https://ochoa.biz/
3180,Sticker,Tyler-Romero,http://www.caldwell-lewis.net/
2206,T-shirt,Johnson LLC,https://www.chandler-ayers.com/
7928,Poster,Smith-Powell,https://www.valdez.net/
2503,Sticker,Johnson Inc,https://yang.com/
2241,Keychain,Owen-Davis,http://hernandez.com/
5495,Poster,Harrison LLC,https://drake.info/
8347,Sticker,Forbes-Williams,https://graves-rose.com/
8457,T-shirt,Crosby-Zamora,http://www.anderson-adams.com/
4750,Sticker,Frazier-Brown,https://taylor.com/
7440,Sticker,Green-Smith,https://www.hamilton.com/
2513,Album,Copeland-Underwood,https://www.black-velasquez.com/
5408,Poster,Daniels-Hebert,https://www.adams.biz/
7874,Album,Reyes-Barnett,https://williamson.com/
8381,Keychain,Taylor PLC,https://www.castro.com/
7183,Sticker,Lucas-Bryant,https://cox.org/
5743,Poster,Anderson Inc,https://allen-shelton.org/
1864,Keychain,Hansen LLC,http://www.russell.com/
4063,Keychain,"Cross, Carrillo and Reyes",https://pope-lopez.biz/
8742,Album,Cruz PLC,http://scott-clark.net/
9123,Album,Wiggins-Snow,https://martin-wilcox.com/
4605,T-shirt,"Garcia, Hayes and Ford",https://thomas.com/
8677,Album,Long and Sons,https://ford-hicks.com/
9042,Poster,"Smith, Osborn and Jones",https://warren.com/
6809,Album,Reeves Inc,https://www.fisher.com/
8695,T-shirt,Hardin PLC,http://schmidt-miller.com/
9929,T-shirt,Short-West,https://www.griffith.com/
5124,Keychain,Chang and Sons,https://www.lin-durham.org/
6762,Album,"Barajas, Miller and Rodriguez",https://www.powell.com/
1179,Keychain,Parker LLC,http://www.waters.org/
3777,Album,"Lopez, Huang and Price",http://clark.com/
1971,Album,Lee Inc,http://brown.org/
5112,Poster,Krause Ltd,http://www.baldwin.net/
3255,T-shirt,Proctor and Sons,https://joseph.com/
9943,Album,Foley LLC,http://cruz.biz/
9351,Poster,"Williams, Leon and Reeves",http://www.jenkins.com/
1307,Poster,Rodriguez-Perkins,https://www.dennis.org/
8768,T-shirt,Gray and Sons,http://wilson-taylor.org/
4578,Poster,Wong and Sons,https://meyer.com/
8877,T-shirt,"Thomas, Jones and Stevenson",http://www.barnes.org/
9650,Keychain,Rodriguez-Tyler,https://www.santiago.com/
1144,Album,Diaz-Lowery,http://www.huber-kelley.com/
7725,Poster,"Baker, Rivas and Collins",http://www.jordan.com/
8177,Poster,Christensen LLC,https://dawson.info/
9524,Keychain,Henderson-Campos,https://www.richards.com/
5109,Sticker,Carlson Inc,https://www.quinn.info/
5491,T-shirt,"Davis, Henry and Spencer",https://www.tyler.com/
2199,Album,"Smith, Sandoval and Estes",http://www.gutierrez.com/
1356,T-shirt,Thomas and Sons,https://murphy.com/
8743,T-shirt,Kelly PLC,https://aguilar-garner.info/
6025,Sticker,Weber LLC,http://www.wilson.org/
8609,Poster,"Jefferson, Garza and Dalton",http://dyer-booth.com/
8378,Album,"Rodriguez, Garcia and Thompson",https://thomas-jennings.com/
9750,Sticker,Davis-Rogers,http://harrison-baxter.com/
7329,Keychain,"Harrison, Davis and Johnson",http://www.mccarty.net/
9772,Keychain,Chavez-Brown,http://www.jones-martinez.info/
1840,Album,Andrews Group,https://hancock.com/
1070,T-shirt,Clark-Nelson,http://craig.com/
9179,Poster,"Patel, Rice and Maddox",http://vargas.net/
2539,Album,Hoffman-English,http://kaiser.com/
2565,Album,"Foley, Higgins and Moore",https://schmidt.biz/
6416,Poster,Taylor-Harrison,https://martin.info/
2582,Poster,Byrd-Pham,http://rios.com/
8106,Poster,"Ferguson, Ryan and Barnes",https://barnes-kelly.com/
1681,T-shirt,Moore-Ward,http://www.klein.net/
8687,Sticker,Hall-Sellers,http://padilla.com/
5533,Sticker,Gould and Sons,https://lamb.com/
9439,T-shirt,Oneill LLC,https://fischer.com/
4339,Poster,"Garcia, Mills and Evans",https://www.barrett.com/
3081,Album,"Gibson, Johnson and Young",https://www.brown.net/
3710,Keychain,"Johnson, Adams and White",http://francis.com/
7515,Sticker,"Fry, Price and Hood",http://gordon.com/
7182,Album,Riley Ltd,http://thomas.com/
8913,Poster,Burke and Sons,http://crosby-hood.biz/
2504,Poster,Jones Inc,http://www.charles-wilson.com/
3241,Poster,"Robinson, Davis and Banks",https://www.fletcher.biz/
4919,T-shirt,Thompson-Sanchez,https://sims-williams.info/
1006,Keychain,"Johnson, Cox and Chan",http://garcia.com/
3481,Keychain,"Everett, Collins and Rogers",http://www.brown.com/
5650,T-shirt,"Lopez, Erickson and Becker",https://www.chavez.com/
4868,Poster,"Alexander, Briggs and Harris",https://www.lewis-kelly.com/
4699,Keychain,Hernandez-Martin,http://watkins.net/
3851,Keychain,Martinez-West,https://watkins-sheppard.com/
1963,T-shirt,Herrera-Shannon,https://www.acosta-little.com/
5164,T-shirt,Williams-Collins,https://dixon.com/
7711,T-shirt,Evans Ltd,https://www.anderson-rivas.com/
4041,Album,Griffith LLC,http://www.calhoun.com/
1889,Album,Harris-Johnston,https://www.perkins.net/
4678,T-shirt,"Vega, Patterson and David",http://simpson.com/
7261,T-shirt,White PLC,http://www.brooks.org/
4727,Sticker,Nash-Robbins,https://lopez-sawyer.com/
8588,Sticker,"Day, Perez and Hunter",http://www.webb-day.com/
7942,Keychain,Morgan-Molina,http://www.harmon-moore.com/
5728,Poster,"Blankenship, Brown and Esparza",http://fischer.org/
1622,Album,"Patel, Price and Owen",http://www.christensen.com/
2619,Album,"Cunningham, Knight and Huang",https://alvarez-dunlap.com/
8703,Sticker,Cook Inc,https://www.douglas.com/
5679,Album,"Davis, Dawson and Hart",https://fox-hughes.com/
1711,T-shirt,"Hart, Williams and Steele",http://pena-nguyen.net/
4599,Sticker,Torres-Martinez,https://snyder.com/
4061,Album,Mccarty-Garcia,https://www.kelley.com/
9404,Album,Foster Group,https://taylor.org/
8885,Album,Rogers-Farley,https://www.mcclure.com/
3656,T-shirt,Lowery-Parker,https://www.williams.org/
2042,Album,Perez PLC,http://dawson.org/
4279,Album,Price Group,https://www.watkins.com/
8959,Keychain,Harris-Mendez,http://martin-perry.com/
4212,Album,Wallace and Sons,https://hicks.com/
7753,Poster,Kim-Edwards,https://www.farrell.com/
6965,T-shirt,Jones-Doyle,http://lopez.com/
4092,Sticker,Johnson-Conley,http://www.jones-chavez.biz/
1567,Album,Drake Ltd,https://www.delgado.org/
2040,Sticker,Leon-Jenkins,https://perez.com/
9454,Poster,"Thompson, Morrison and Weaver",http://casey.org/
7518,Album,"Lewis, Hill and Small",http://www.zimmerman.com/
4815,T-shirt,"Smith, Simpson and Carr",https://cohen.biz/
5137,Sticker,"Harvey, Marshall and Thompson",http://quinn.net/
9336,Sticker,Cummings Ltd,http://reed.com/
2289,Album,"Rogers, Reed and Taylor",http://www.brown.com/
7858,Keychain,Reyes LLC,http://www.herrera-fletcher.com/
7038,Keychain,Webb-Crawford,https://booth-gregory.info/
4493,Sticker,Santiago-Perry,http://wolfe.org/
7933,T-shirt,Jordan-Rodriguez,http://www.kennedy.biz/
1715,Poster,Bridges-Griffith,http://blackwell.biz/
8544,Sticker,"Jenkins, Murphy and Reid",http://knapp.com/
1014,Sticker,"Cooper, Willis and Lowe",http://www.brennan.biz/
6506,Keychain,Morris Group,http://collins.com/
5455,Sticker,Green Inc,http://www.owens.net/
6532,Keychain,Griffin-Nash,http://hayes-nguyen.com/
3763,Poster,Moore-Powell,http://powell.com/
1845,T-shirt,Gibson Group,https://www.moreno.org/
2002,T-shirt,Underwood LLC,http://www.benjamin.com/
1712,Keychain,"Carter, Gonzalez and Sharp",https://ward.net/
9079,Album,"Sanchez, Henderson and Meadows",https://www.gutierrez.com/
4816,Keychain,Reed LLC,http://www.carpenter.com/
6054,Poster,Acosta Ltd,https://www.duncan-ramos.biz/
7488,T-shirt,Smith Group,https://www.walker.com/
4987,Album,Flores-May,http://www.miller.biz/
9552,Sticker,"Smith, Morrison and Gibbs",http://williams-miller.net/
2671,Keychain,Matthews Inc,http://kim-baker.info/
7747,Poster,Parks and Sons,https://mclean.com/
8126,Poster,Rodriguez PLC,https://www.logan.com/
7055,Album,Flores-Jimenez,http://www.moore.org/
8211,Sticker,Thomas Group,https://simmons.com/
1608,Album,"Griffith, Webb and Fisher",https://smith-bryant.info/
2452,Album,Davis PLC,https://www.dawson-richardson.info/
2588,T-shirt,Wright PLC,https://www.howell.com/
2753,Sticker,Cortez-Harris,http://logan-horne.com/
1139,Poster,Garcia-Jones,http://lutz.com/
5659,Sticker,Harper-Long,http://www.ayala.info/
3127,Album,"Carter, Brown and Watson",https://www.mcguire.biz/
8089,Keychain,"Franklin, Brown and Dickson",https://www.campbell-thomas.net/
4211,Poster,Thomas Ltd,https://www.lawson.com/
7781,Poster,James and Sons,https://www.perez.net/
2790,Album,"Boyle, Briggs and Anderson",https://www.valdez-rowe.com/
4644,Album,"Sullivan, Williams and Cole",https://sheppard.com/
2174,Album,"Booker, Martinez and Hubbard",https://www.miller.com/
1619,T-shirt,Williams-Christensen,https://www.dixon.com/
2050,Poster,Ewing-Woods,http://www.fields.net/
2650,Poster,Sherman-Johnson,https://barnes.com/
5896,Keychain,Dunn-Ballard,https://www.chase.com/
6234,Keychain,Blevins PLC,https://oliver.biz/
9624,T-shirt,Ramirez LLC,https://garcia.biz/
5897,Sticker,Hampton-Ferguson,https://murray.com/
2999,Keychain,"Sosa, Morris and Grant",http://www.mills.net/
8232,Poster,Patrick-Johnson,http://www.miller-werner.biz/
3806,T-shirt,"Clarke, Roach and Bryant",http://smith.com/
8823,Sticker,Sparks PLC,http://www.bennett.com/
2783,T-shirt,Knox and Sons,https://bishop.com/
8339,Sticker,"Perez, Roberts and Kirk",https://harrington.org/
1790,Sticker,Davis-Mcmillan,http://williams-cameron.com/
4175,Sticker,"Morales, Smith and Robinson",https://www.randall-gonzalez.biz/
4769,T-shirt,Carey-Lang,http://www.clark.info/
6042,Keychain,Webster-Gibson,http://mccoy-adams.biz/
3354,T-shirt,Lopez-Ferguson,https://villarreal.com/
2060,Album,Alvarez PLC,http://www.harris-morris.org/
9531,T-shirt,"Nunez, Cruz and Bauer",http://www.myers.net/
9458,Sticker,Brown-Robinson,https://www.lucas.org/
1293,Album,"Hawkins, Hernandez and Cabrera",http://www.kim-grant.com/
1603,T-shirt,Elliott Group,http://king.com/
5957,Sticker,Jones Group,http://miller.com/
6722,Poster,Riley-Barker,https://king-barrett.com/
5974,T-shirt,"Terry, Dyer and Watson",http://www.salazar.info/
6199,Album,Dalton PLC,http://www.jackson-richardson.com/
3254,Keychain,Mueller PLC,https://wallace.net/
7724,Album,Rogers-Barajas,http://www.taylor-pacheco.org/
2100,T-shirt,"Marshall, Pruitt and Gutierrez",http://gonzales-dennis.info/
3639,Poster,"Pope, Hernandez and Murphy",https://good.com/
6255,Album,"Dennis, Carter and Reynolds",http://www.craig.biz/
9043,T-shirt,"Blankenship, Thompson and Anderson",http://www.hart-castillo.com/
7536,Album,"Davidson, Ramirez and Neal",https://gonzalez.com/
5820,Album,Barajas-Potter,https://anderson.info/
3095,Keychain,Freeman-Mccann,https://www.allen.org/
2436,Album,Kelley-Daniels,https://nicholson.com/
4852,Sticker,Alexander Group,https://flores.net/
8182,Keychain,Garcia-Hansen,http://www.white-rivas.org/
4820,T-shirt,Hardy Group,http://irwin-sharp.com/
5776,Keychain,Hart LLC,https://www.kent-tucker.com/
7830,Sticker,Banks-Morales,http://reed.info/
7987,Keychain,Brewer Ltd,https://www.jones-mendez.com/
8620,Album,"Sweeney, Brown and Perez",http://www.clark-shelton.net/
3020,Album,Simpson-Wright,https://www.collins.org/
9147,Album,Murphy-Odonnell,https://ferrell.com/
2359,T-shirt,Howard-Evans,http://www.roberts.info/
5179,Poster,"Hoover, Travis and Reid",https://mcclure-koch.com/
2623,Album,Foster and Sons,https://www.ibarra.com/
6464,Poster,"Ibarra, Marks and Mcdonald",https://www.graham-estrada.com/
4138,Keychain,Johnson PLC,https://martinez-patton.net/
8534,Album,"Martin, Clayton and Singh",http://www.sanchez.com/
9907,Poster,Boyd and Sons,http://gomez.com/
5170,T-shirt,Johnson Group,https://www.mosley-martin.net/
6984,Poster,Morrison-Bartlett,https://www.contreras-wade.com/
3646,T-shirt,Santos-Sims,http://calderon-thomas.com/
9662,Sticker,Kim-Bradshaw,http://www.pennington.com/
5489,Keychain,"Johnson, Walker and Holt",https://www.kelley-silva.com/
4489,Sticker,Wood-Lara,https://shaffer.com/
5738,Keychain,"James, Vang and Jones",https://www.meyers-shannon.com/
9960,Sticker,"Short, Allen and Miller",http://perez.com/
7977,Keychain,"Baxter, Kelley and Shaw",http://www.bradshaw.biz/
4939,Keychain,"Mullen, Martin and Herrera",http://www.hawkins-meadows.info/
5141,T-shirt,Arnold Inc,http://edwards.com/
3283,Sticker,"Randolph, Rice and Chen",http://www.johnson.net/
5139,Poster,"Smith, Burns and Edwards",http://brown.com/
2815,Poster,Adams LLC,http://jimenez.com/
4251,Sticker,Cunningham-Martinez,http://www.kelley-baker.com/
6660,T-shirt,"Jackson, Morgan and Nelson",http://sanchez.com/
2094,T-shirt,Smith-Spencer,http://www.boyer.com/
8006,Album,Nash Inc,http://cook.biz/
2248,Keychain,Harris Group,http://www.parrish-ward.com/
4600,Poster,Valencia-Robertson,http://king.com/
7429,Keychain,"Curtis, Franco and Thompson",http://knapp.info/
8775,Poster,"Arnold, Schaefer and Peterson",https://thomas.org/
6547,Sticker,"Smith, Maxwell and Ruiz",http://www.robbins.com/
6831,Keychain,White Ltd,https://barrett.com/
8662,Album,"Benson, Garcia and Steele",http://fowler.com/
6440,Sticker,"Barnes, Robbins and Hall",https://www.keller.org/
8550,Album,"Adams, Cook and Fisher",https://www.larson.biz/
7278,Poster,"Murray, Dixon and Wise",https://thompson-oconnell.com/
7616,T-shirt,Davis-Morgan,http://www.watson.com/
7800,Album,Harper LLC,http://www.greene-owen.com/
7661,Poster,Diaz Group,https://www.johnson.com/
3116,Album,Khan-Woods,http://www.nelson.com/
3359,T-shirt,"Washington, King and Martinez",https://christensen.biz/
6316,T-shirt,Torres-Rodriguez,https://www.santiago-harris.com/
6322,Keychain,Reynolds-Combs,http://www.daniels.com/
3914,T-shirt,"Baker, Williams and White",http://murray-soto.com/
9989,Keychain,Guzman-Kelly,http://www.weaver-morales.com/
9716,T-shirt,Larson-Pugh,https://sweeney-peterson.com/
2692,T-shirt,Hicks LLC,http://www.wilson.com/
2419,Album,Johnson LLC,https://bass.net/
3083,Sticker,"Wright, Hall and Brown",https://wilson-williams.com/
2065,Poster,Lynch Group,https://www.vasquez.com/
9741,Album,Salazar Inc,http://moore.biz/
1937,Sticker,"Oliver, Whitney and Morales",http://www.woodward-tyler.com/
3698,Poster,"Martinez, Williams and Ward",http://everett-lowe.com/
2527,Sticker,Miller-Harrison,https://www.pineda-bell.com/
1488,Album,Thompson-Brown,http://hall-johnson.com/
5345,Keychain,Gonzalez and Sons,http://oneill.info/
5301,Poster,White LLC,http://curtis.biz/
1721,T-shirt,Hickman-Wagner,https://www.caldwell.com/
7479,T-shirt,Castillo Group,https://patrick.biz/
9111,Poster,"Edwards, Haynes and Reid",http://bennett.com/
6185,T-shirt,Evans-Frazier,https://russell.com/
3559,T-shirt,Reed PLC,https://www.hayes.com/
3841,Sticker,Osborne Inc,http://lewis.biz/
8757,Poster,"Berry, Mccarthy and Martin",https://www.smith.biz/
1575,Sticker,Dominguez Ltd,https://parrish.com/
9817,Keychain,"Hill, Jensen and Alexander",http://price.com/
9954,Album,Thompson-Lin,https://www.arellano.com/
6897,Poster,Thompson and Sons,http://www.hardy.com/
8989,Keychain,"Nicholson, Harper and Fry",https://hunt-taylor.com/
1615,Keychain,"Long, Fox and Rios",http://www.wallace.com/
9649,Poster,Willis PLC,https://www.nelson-thompson.com/
1235,T-shirt,Rogers Ltd,http://mitchell.info/
7184,Album,Esparza PLC,http://www.welch.com/
5090,Poster,Thomas Ltd,https://www.edwards.com/
9594,T-shirt,Spears-Brandt,https://barnett.com/
5800,Keychain,Hill LLC,https://www.ramirez-jackson.com/
6200,Sticker,"Gomez, Tyler and Hampton",https://www.jones.com/
9002,Sticker,Mckinney PLC,https://www.wagner.com/
3731,Keychain,Fuller PLC,http://www.johnson.org/
6919,Keychain,Estrada Group,https://www.tyler-benton.com/
2600,Poster,Wilson-Rollins,https://ward.net/
3513,Poster,"Crawford, Carter and Davis",https://knight-poole.com/
9633,T-shirt,"Wilson, Graham and Cowan",https://www.davis.net/
9241,Album,"Stevens, Wells and Patterson",https://hernandez.biz/
5901,Album,Ingram PLC,https://www.hopkins.com/
7762,Poster,"Escobar, Brown and White",https://www.houston.biz/
6031,Keychain,Deleon-King,http://www.molina.info/
4347,Keychain,Harris-Browning,https://rios.info/
3683,T-shirt,Fletcher-Lane,http://gillespie.com/
2758,T-shirt,Eaton LLC,https://hall-brown.com/
9343,T-shirt,Davis LLC,http://snyder.com/
3973,Sticker,Stuart Inc,https://johnson.com/
5290,Poster,Long-Price,https://www.young.com/
3797,Poster,"Bryant, Stout and Rice",https://www.morgan.com/
6690,T-shirt,"Larson, Flores and Hurley",http://www.ibarra.biz/
4604,Album,Callahan and Sons,https://www.freeman-moore.biz/
2957,Album,Chavez and Sons,http://evans.info/
7366,Sticker,Patel and Sons,https://harris.com/
2258,Album,Perez LLC,https://evans.com/
4024,Keychain,Sanford-Johnson,https://kline-harris.biz/
7210,Poster,Murphy LLC,http://www.alvarado.com/
7689,Poster,Hubbard-Wiley,https://www.matthews.com/
2009,Album,Mccarty-Porter,http://www.diaz.info/
2785,Keychain,"Merritt, Miller and Curry",https://www.robinson.com/
1885,Poster,Clark-Johnson,http://www.yates.com/
1257,Keychain,Ramsey-Anderson,http://lawrence.biz/
2127,Poster,Jenkins Ltd,https://miles.com/
4572,Keychain,Long Inc,https://morse-lawrence.com/
9982,T-shirt,"Thompson, Arnold and Davis",http://www.khan.net/
2580,Keychain,Rush and Sons,http://www.mendoza.net/
2138,Sticker,West Group,https://www.hoffman.biz/
5058,Sticker,"Richardson, Friedman and Cochran",https://www.munoz-rich.com/
8065,Album,"Howard, Thompson and Bell",https://galvan-baker.com/
3090,Poster,King-Willis,http://harris.biz/
9559,Poster,Morgan PLC,https://www.mckinney.net/
1578,Poster,"Moody, Willis and Johnston",http://phillips.com/
4771,Poster,Dyer Group,https://ortega.com/
8354,Album,"Garrison, Hill and Rodriguez",https://fields.com/
2659,Poster,Coffey Ltd,https://www.craig.info/
4731,Keychain,"Moore, Hall and Watson",https://mueller-stone.com/
2493,T-shirt,"Hall, Rose and Barnes",http://www.gill.com/
9564,T-shirt,Pennington PLC,http://www.shah.com/
6717,Album,"Nelson, Shah and Blanchard",https://kerr-callahan.com/
3186,Keychain,Flowers Group,http://www.jones-guzman.biz/
4983,Sticker,"Nixon, Abbott and Nguyen",http://www.sullivan.biz/
9277,Poster,"Davis, Lara and Steele",https://www.raymond.com/
1703,Poster,Griffin-Vargas,http://glover-sparks.org/
2652,Sticker,"Atkins, Kelley and Abbott",https://www.johns-mcbride.com/
1556,Poster,"Leonard, Spencer and Evans",https://miller-johnson.com/
8034,Album,"Vega, Miller and Mccarthy",http://www.tran.com/
9286,Keychain,"Ruiz, Torres and Freeman",http://james.com/
1553,Poster,Harris Ltd,http://www.campbell.org/
4650,T-shirt,Marquez-Torres,http://www.smith-clark.com/
5931,Sticker,Vargas PLC,https://www.perry.com/
9878,Sticker,Proctor Ltd,http://www.hill.com/
2285,Keychain,"Robinson, Soto and Jones",https://salazar.org/
3842,Keychain,"Williamson, Williams and David",http://williams.com/
2389,Sticker,Ortiz-Murray,https://www.harper.com/
9006,Sticker,Gibson-Mccoy,http://dixon.com/
7647,Album,"Wilcox, Sherman and Parker",https://henry.net/
1631,Sticker,Williams Inc,http://www.green-carter.com/
8750,Sticker,Lucas-Lambert,http://taylor.net/
6136,Sticker,"Watson, English and Jackson",http://www.lee.com/
1936,Sticker,"Miller, Stokes and Baker",http://www.ward.com/
6500,T-shirt,Franklin-Kelly,https://ruiz.info/
7617,Poster,Diaz-Bray,https://jones.com/
3631,Keychain,"Bennett, Knight and Johnson",https://www.chandler.com/
6490,T-shirt,Brown LLC,https://www.griffin-velez.net/
5933,Keychain,Waters-Mitchell,http://wilson-moore.com/
5209,Album,Mckinney-White,https://www.johnson.com/
1125,Poster,Schwartz-Lee,http://weiss.org/
7893,Keychain,Walker-Johnson,https://waller-escobar.com/
6771,T-shirt,"Stewart, Robinson and Nelson",http://obrien.com/
3954,Keychain,"Walter, Franco and Kelly",http://www.villarreal.org/
8610,Keychain,Smith-Bailey,http://williams.info/
2703,Sticker,Barrett-Turner,http://www.allison.info/
4053,Poster,Collins LLC,http://www.dougherty.com/
8938,Album,Brown-Lewis,https://keller-odom.com/
2820,T-shirt,Wells Inc,http://smith.com/
1648,Sticker,"Cooley, Silva and Snyder",https://www.scott.com/
1066,Keychain,Spears-Salazar,http://www.cabrera-poole.org/
3690,Keychain,"Rice, Trevino and Sanders",http://anderson-wagner.net/
2457,Sticker,Williams-Watson,http://armstrong.com/
3005,T-shirt,Wilkinson Inc,https://www.rodriguez-mayer.org/
4943,T-shirt,Smith and Sons,https://bradley.com/
3924,T-shirt,"Mclean, Buck and Randolph",http://jones.com/
4981,Sticker,Smith and Sons,http://gay.biz/
9984,Sticker,Henderson-Morales,https://www.miller-bowman.com/
2417,Sticker,Walters and Sons,http://www.wilson.com/
4419,T-shirt,Luna-Kelley,http://cox.com/
2672,T-shirt,Lyons-Gonzalez,http://www.frederick-aguilar.com/
8882,Keychain,"Lara, Petersen and Martinez",https://www.sullivan.info/
1913,Keychain,"Delgado, Flores and Green",https://www.ferguson.com/
5486,Keychain,Booth-Williams,https://travis.com/
4030,Poster,"Brennan, Kennedy and Burgess",http://shelton-ramsey.com/
3384,T-shirt,Rodriguez LLC,http://www.guzman.net/
8135,T-shirt,Harris PLC,http://www.castillo.net/
7486,Album,Washington Group,http://www.mccann-smith.net/
4710,Album,Lowe and Sons,http://www.bowen-burns.com/
6113,Poster,Perez Inc,http://hughes.com/
3417,Sticker,Hayes Ltd,https://walters-lopez.org/
2768,T-shirt,Mills Ltd,https://fitzpatrick.com/
1054,Keychain,"Pitts, Elliott and Donovan",https://kennedy-sullivan.net/
5120,T-shirt,"Mason, Daniels and Moore",http://www.lara.info/
8117,T-shirt,"Garza, Hart and Adams",https://www.may.com/
6770,Sticker,Yu-Lewis,https://smith-bell.net/
4952,Poster,"Munoz, Boyd and Sanchez",https://gregory-williams.com/
6716,Album,Stevens Ltd,https://www.smith-boyd.info/
5049,Poster,Baldwin-Gates,https://www.hunter.net/
9735,Sticker,Jenkins Inc,http://www.goodman.com/
9745,Sticker,Moyer Inc,https://www.yang.org/
5760,Sticker,Jimenez-Wilkerson,https://www.carter.com/
1244,T-shirt,"Huynh, Murphy and Martin",http://king-martinez.net/
6804,Album,Schwartz-Hicks,https://www.tucker.net/
3674,Sticker,Nichols-May,https://www.nelson.biz/
5666,Sticker,Preston-Lopez,https://johnston-shaw.com/
7320,T-shirt,"Baker, Phelps and Walker",http://www.wright-ho.net/
8432,T-shirt,Gay-Rivera,http://monroe-ortiz.org/
9838,Keychain,Bailey-Pittman,https://ortiz-santana.net/
8510,Poster,Mcdonald Ltd,http://www.chase-price.biz/
7332,Keychain,Buck LLC,http://www.parker-gordon.com/
1947,T-shirt,Molina-Frey,http://www.silva.com/
2162,Poster,Williams-Oconnell,http://walters-watson.com/
1675,Poster,Davis-Mason,http://mcdaniel.net/
3525,Keychain,Colon Group,http://johnson-harris.com/
5913,T-shirt,Harrison LLC,https://simmons-anderson.org/
4002,Sticker,Potts-Berry,https://lawson.com/
9027,Album,Woods-Jordan,https://gates.com/
8414,Album,"Kaiser, Estes and Massey",http://www.rubio.org/
9365,Keychain,Hunter-Ellis,http://holmes.com/
8205,Album,Mcclain-Bautista,http://smith.com/
2092,Poster,Perez-Carroll,https://www.fox-tate.com/
4083,Keychain,Tyler-Graham,http://stone-ross.com/
5074,Keychain,Barnett Ltd,http://www.frazier.com/
7824,Poster,"Oliver, Pruitt and Brennan",http://horton.biz/
5518,Poster,"Lewis, Douglas and Johnson",http://www.shelton-jenkins.biz/
6075,Album,Hurley-Morgan,https://www.riley-aguilar.net/
2324,Album,Black Ltd,http://garcia.org/
1996,Album,Campbell Inc,http://robinson.com/
7104,Poster,Smith Group,http://www.long.com/
5324,Poster,"Dawson, Nicholson and Christensen",http://www.carter-rodriguez.info/
4031,T-shirt,Macias-Carter,https://www.jones-alvarez.com/
3286,Sticker,Marquez Ltd,http://cantrell.info/
4904,Sticker,Nelson-Wilson,https://www.sullivan.biz/
3878,Keychain,"Robinson, Anthony and Watson",http://www.glass-hernandez.com/
2548,Sticker,Pierce-Crawford,https://phillips-campbell.biz/
5525,Album,Miller-Rasmussen,http://www.clark-macias.org/
7325,Album,Peterson and Sons,https://ward-meyer.com/
1611,Poster,Thomas-Bowman,http://allen-smith.com/
6405,Album,"Griffin, Mitchell and Cameron",http://willis.org/
2757,Keychain,White-Lee,https://stephens.com/
9045,Poster,"Burton, Keith and Krueger",http://gibson-turner.biz/
1784,Poster,Anderson Ltd,https://www.ramirez.org/
6189,Keychain,Richardson-Potts,http://good.com/
4719,Keychain,"Perry, Cuevas and Adams",http://whitaker.com/
6910,Poster,Hall-Gordon,https://brown.com/
4467,Sticker,"Sanchez, Sanford and Brown",https://www.macdonald.net/
9243,Sticker,"Hart, Bender and Jones",http://www.hendricks-waller.org/
8495,T-shirt,"Knapp, Parker and Nguyen",https://harvey.com/
1684,Sticker,Anderson-Cox,http://www.fleming.net/
1680,Album,Fuller-Aguilar,http://stewart.com/
2695,Sticker,"Morales, Mccoy and Armstrong",http://holden.com/
1581,T-shirt,Nunez-May,https://lee.info/
5964,Poster,Marshall-Wells,http://young.biz/
7970,Sticker,Woods and Sons,http://www.johnson.com/
6729,Album,Lowe-Hughes,https://combs.com/
3912,T-shirt,"Bishop, Park and Ramos",https://www.houston.com/
4438,Keychain,Lopez Ltd,http://www.morales.com/
7676,Keychain,Henderson-Guerra,http://romero-mora.com/
8835,Keychain,Moore-King,http://www.graham-lopez.info/
4036,T-shirt,Sutton-Austin,http://www.williams.net/
3094,Sticker,"Rivera, Davis and Joseph",http://www.herring-foster.com/
1574,Keychain,Edwards and Sons,http://www.owens.com/
5452,Sticker,"Williams, Gardner and Harrison",http://johnson.org/
8559,Keychain,"Martinez, Hicks and Alexander",https://patton.org/
6713,Sticker,Campbell-Carr,http://stanley.com/
3798,Poster,Clayton Inc,https://www.hill.biz/
4689,T-shirt,Roy-Price,https://www.walker.com/
7836,Sticker,"Gibson, Robinson and Lester",http://wagner.org/
6356,Sticker,"Jones, Jackson and Bennett",https://bird-hoffman.org/
3157,Album,"Williams, Sampson and Sanders",http://guzman.net/
5276,Keychain,Henson-Scott,https://turner.com/
1918,Keychain,Gallegos Inc,http://www.gardner.com/
6468,Album,Hamilton-Ryan,https://barnes.com/
1910,T-shirt,"White, Allen and Keith",https://www.farmer-chapman.com/
8977,T-shirt,Strickland and Sons,http://garcia.com/
8162,T-shirt,Chavez Inc,https://www.young.info/
4448,Sticker,Chase-Torres,http://www.jensen.org/
6486,Poster,"Bates, Brown and Graham",http://mann.com/
9909,Sticker,Johnston-King,https://wade.info/
9387,T-shirt,Davidson-Martinez,http://thompson.com/
8072,T-shirt,"Henderson, Riggs and Burns",https://hill-johnson.net/
6929,Keychain,Moore-Todd,https://williams-weeks.biz/
9808,Keychain,Cox Inc,https://www.gonzales.com/
2070,Keychain,"Gardner, Robertson and Schmidt",http://rodriguez.biz/
8850,Poster,Clark-Miller,http://www.anthony.com/
6768,Poster,Buckley PLC,http://www.carter.com/
1456,T-shirt,Young Group,https://fisher-rios.com/
6115,Album,"Smith, Jones and Berry",https://www.rogers.com/
8400,Poster,Peterson-Leon,https://www.king.net/
8003,Sticker,"Goodman, Hoffman and White",https://www.sullivan-burke.com/
8676,Keychain,Flores-Miller,https://hooper.com/
9349,T-shirt,Sanders-Campbell,http://townsend.biz/
7853,T-shirt,Nguyen Ltd,http://www.richard.com/
3015,T-shirt,Nguyen-Vasquez,https://www.orozco.org/
6737,Album,Ward-Sullivan,http://www.clark-white.com/
1060,T-shirt,"Warren, Castro and Carson",http://wheeler.biz/
5665,Album,Esparza-Hampton,https://www.ramirez-lucero.org/
8741,Album,Marsh Group,https://gonzalez.com/
4662,Album,"Cruz, Sherman and Kane",https://www.ortiz.com/
4324,Album,Tran-Brown,http://garza.biz/
1381,Sticker,Baker PLC,https://glover.biz/
8966,T-shirt,Aguirre-Weaver,http://cooper.info/
8912,Sticker,Coleman and Sons,https://www.farmer.com/
6582,Sticker,"Zimmerman, Taylor and Garza",https://www.lawrence.com/
5201,Album,Gonzalez LLC,https://garcia.com/
3529,Album,"Wright, Love and Perry",http://mcmillan.com/
3108,Keychain,"Browning, Gray and Buchanan",https://www.mendez.net/
9267,Sticker,Cox-Richardson,http://kirk.com/
3958,Keychain,"Castro, Yu and Porter",http://kennedy.com/
6288,T-shirt,"Price, Thompson and Griffin",http://www.townsend.com/
6637,Keychain,Santiago Group,http://www.estrada.org/
7646,Keychain,Walker-Hernandez,http://tyler.org/
7455,Keychain,Yates-Gilbert,http://www.hayes-obrien.biz/
6728,Album,Chapman PLC,http://gillespie.biz/
4000,Album,Matthews-Allen,https://cortez.com/
9790,Keychain,Allen-Booth,https://willis.info/
6127,Sticker,"Dalton, Bean and Johnson",https://scott.com/
1346,Album,"Taylor, Collins and Sherman",http://butler-brewer.com/
1072,Keychain,"Shepard, Walter and Fischer",http://hampton.info/
9671,T-shirt,"Zamora, Jenkins and Brown",http://cervantes.net/
6733,Poster,"Hicks, Stuart and Sutton",http://erickson.com/
8551,Poster,Sanders-James,https://www.spencer.com/
8337,Poster,Leonard-Pham,http://www.dean.com/
9917,T-shirt,Logan-Robinson,https://young.com/
6329,T-shirt,Buchanan-Taylor,https://fisher.net/
6216,T-shirt,Banks-Phillips,https://www.peterson.com/
5788,Poster,Gomez Inc,https://www.duffy-copeland.com/
3930,Keychain,Bennett-Chase,http://www.holden-miles.net/
8584,T-shirt,Orozco and Sons,https://www.collins-campbell.org/
4453,Keychain,Martinez-Montgomery,https://www.lopez.com/
4165,Album,May-Dickerson,https://www.diaz-gray.com/
1111,Album,Phillips Ltd,https://richards-jones.com/
4594,Poster,James-Parsons,https://salas-foster.com/
4701,T-shirt,"Thompson, Holt and Kelley",https://gregory-hammond.info/
1990,Sticker,Moore LLC,https://www.steele-mckee.org/
1847,T-shirt,"Jones, Suarez and Ballard",https://www.walters-johnston.org/
7445,T-shirt,"Martinez, Vargas and Perez",https://www.riggs-colon.com/
8429,Poster,Sutton-Oliver,https://fisher.info/
8300,Poster,Lopez PLC,https://www.lawrence.com/
4913,Keychain,"Dennis, Lee and Levy",https://scott.com/
5569,Sticker,Espinoza-Brooks,https://www.welch.net/
6480,T-shirt,Hall-Hoover,https://www.davis.org/
5709,Album,Lopez Ltd,http://mcmillan-solis.com/
9551,T-shirt,"Evans, Medina and Hart",http://www.mccarthy-brown.com/
2345,Album,West-Williams,https://www.garcia-payne.info/
4118,Album,Jackson Ltd,https://www.george.net/
9843,T-shirt,Terry Ltd,http://cantu-ray.com/
7090,T-shirt,"Diaz, Patel and Craig",https://alvarez.com/
2105,Album,Melton and Sons,https://www.ford.net/
3871,Album,Taylor-Martin,http://www.garrett.com/
7407,Keychain,"Schwartz, Turner and Gonzalez",https://barnes.com/
1933,Sticker,Williams and Sons,http://www.beck.com/
7262,Poster,Ferrell Group,https://www.hudson-watson.org/
3524,Keychain,Ward-Bauer,http://hogan-nguyen.com/
4718,T-shirt,"Fry, Berger and Randolph",http://hernandez.com/
6458,Album,Stevenson PLC,https://www.short-petersen.org/
7891,Sticker,Wallace-Davis,http://singh.com/
1515,Poster,"Villegas, Benson and Ward",https://nguyen.com/
8755,Sticker,"Goodman, White and Perez",http://www.richards.com/
8458,Keychain,Fields Inc,https://www.martin.net/
5477,Keychain,Green-Morgan,http://phillips-mckenzie.com/
2371,Keychain,Norman-Newman,http://long.com/
2679,Album,Underwood Group,http://www.alexander.net/
9558,Album,"Grant, Holloway and Monroe",https://www.smith.com/
4921,T-shirt,Zavala-Thompson,https://murphy.com/
7530,Poster,"Cochran, Graves and Steele",https://wyatt.info/
3782,Keychain,Abbott-Clark,https://patterson-nelson.com/
1594,Album,"Richmond, Hall and Hardin",http://www.miller.biz/
5363,T-shirt,"Mann, Carter and Christian",https://www.gonzalez.com/
1902,Keychain,Marshall LLC,https://www.ramirez.net/
6799,T-shirt,Curry-Moore,http://cook.com/
5570,Keychain,Flores and Sons,https://sullivan-hernandez.com/
7032,Album,"Martin, Robinson and Hernandez",http://www.livingston.com/
8840,Poster,Hartman-Miller,http://gonzalez.com/
6156,Keychain,Sawyer Ltd,https://brown.com/
4397,Keychain,Taylor and Sons,https://www.roman.com/
5952,Poster,"Green, Rogers and Velasquez",https://www.mitchell-lopez.com/
9150,Poster,Allen-Carr,http://hinton.com/
8242,Sticker,Franklin-Robertson,https://www.lloyd.com/
9848,T-shirt,"Aguilar, Carpenter and White",http://www.edwards-hicks.com/
4506,Poster,"Morgan, Deleon and Campbell",https://finley.org/
8064,Poster,Jones-Cherry,http://www.george.com/
4546,T-shirt,"Silva, Perry and Anderson",http://www.singh-brooks.org/
5687,Keychain,Perez-Johnson,https://www.lane.biz/
2223,T-shirt,Ramirez and Sons,http://spears.com/
7812,Album,Knox-Tucker,https://lee.info/
7742,T-shirt,Mccormick and Sons,https://carey.com/
9228,Poster,"Mejia, Hodges and Hogan",http://www.mosley.com/
6668,Album,Ball Ltd,http://www.pratt-bennett.com/
3473,Sticker,Elliott PLC,https://www.hodges.org/
9377,Poster,Hernandez-Dougherty,https://www.yang.com/
6906,Sticker,Baker Ltd,https://www.smith.org/
5135,Sticker,Perez-Sharp,http://www.brown-perez.com/
8462,T-shirt,"Sanchez, Patterson and Liu",http://lopez-bennett.com/
1778,Sticker,"Coffey, Cooper and Ross",https://www.young.com/
3285,Sticker,Farmer-Allen,https://www.juarez-wright.com/
2805,T-shirt,Aguilar Inc,http://www.scott.com/
3518,Sticker,"Townsend, Carter and Ortiz",https://brown.com/
3711,Album,"Richards, Harper and Carter",https://www.rubio.com/
8586,Sticker,Anderson Inc,https://www.shelton-mckee.com/
9685,Sticker,Jones-Thomas,https://www.moody-schultz.com/
3075,Album,"Gould, Moore and Jackson",http://clarke.com/
6747,Poster,Jones-Fisher,https://howard.com/
8030,Album,Jenkins-Adams,http://lambert.com/
7614,Sticker,Booker LLC,http://yang-serrano.com/
8233,Poster,Kirby Ltd,http://www.potter.com/
6529,Album,Rose-Rivera,http://savage-hays.com/
6833,Keychain,Roth Inc,http://www.riley.biz/
7778,Poster,"Barry, Trujillo and Logan",http://www.ball-owens.org/
6361,T-shirt,"Johnson, Miller and Clark",https://www.dunn.com/
5675,Sticker,"Farrell, Hernandez and Bruce",http://www.lopez.com/
2686,Keychain,"Hawkins, Graves and Johnson",https://clayton.info/
5995,Album,Hobbs-Cole,http://mack.org/
8393,T-shirt,Shaw-Pruitt,http://www.richardson.com/
5417,Keychain,Morgan Group,http://reyes-ware.com/
9077,Poster,Harris and Sons,https://www.parker.com/
1080,T-shirt,"Chandler, Haynes and Mathis",https://chapman.com/
3795,T-shirt,Chapman Group,http://nash-jacobs.com/
5511,Keychain,"Clements, Burns and Anderson",http://poole-wagner.org/
5375,T-shirt,"Ortiz, Huang and Johnson",http://williams-clark.org/
7273,Keychain,Pham-Fox,http://cohen-rowe.com/
5335,Keychain,"Rodriguez, Conway and Lee",http://www.martin.biz/
5854,Sticker,Kim Group,http://www.english.com/
3006,Poster,"Johnson, Chandler and Morris",http://www.taylor-bruce.org/
9930,Poster,Freeman Group,http://holloway.org/
4593,Album,Hawkins-Gonzalez,http://obrien.info/
2266,T-shirt,Dixon-Avery,http://www.hernandez-smith.com/
8684,Sticker,"Morales, Jackson and Taylor",http://www.mendoza.net/
5106,T-shirt,"Sharp, Robinson and Wong",https://www.jacobson-smith.biz/
9800,Keychain,Morales Group,https://www.kemp-thomas.com/
6805,T-shirt,Lyons-Wilson,http://fisher-miller.com/
6810,Sticker,Chen-Wilkinson,http://smith-cox.info/
7503,Album,Daniel Ltd,https://www.villanueva.com/
2796,Sticker,Perez-Rangel,https://www.weber.biz/
9478,Sticker,"Ruiz, Murphy and Moon",http://www.fox.com/
9841,T-shirt,"Lopez, Lopez and Harper",https://www.cox.net/
4348,T-shirt,Clark-Brown,https://little-watson.biz/
8112,Sticker,"Thompson, Orozco and Davis",http://www.garza-strickland.com/
3181,Album,Allen Ltd,http://www.meyer.com/
9990,Album,"Cox, Hale and Smith",https://hill.com/
8844,T-shirt,Barnett Ltd,http://hodge.com/
2777,Keychain,"Jacobs, Douglas and Long",http://www.turner.com/
5012,Album,Mitchell-Gutierrez,https://livingston.biz/
6675,T-shirt,Cantu-Carter,https://gordon-hendricks.info/
4530,Sticker,Gutierrez-Ryan,https://williams.com/
8590,T-shirt,Carpenter-Drake,https://mata.com/
9622,T-shirt,"Butler, Martinez and Garza",https://ryan-pham.biz/
7330,Sticker,Smith PLC,https://www.nichols-terrell.com/
4354,T-shirt,Carpenter-Allen,http://reed-brock.biz/
2246,Album,Smith and Sons,https://thompson.org/
8689,Poster,"Bradshaw, Garner and Hicks",http://cochran.com/
2102,Sticker,"Martin, Byrd and Dixon",http://www.white.net/
3172,Sticker,Ellis-Barker,http://www.smith.biz/
6931,Sticker,"Lucero, Mitchell and Estes",http://smith-curtis.com/
6047,Keychain,Hernandez Ltd,http://www.ramirez-wolf.net/
7622,Sticker,"Thornton, Ramirez and Wang",http://www.roberts.com/
7544,Album,Bell Group,https://www.stewart.com/
5445,Sticker,Jensen-James,https://www.ayers.com/
3310,Keychain,Morgan-Rodriguez,http://french.net/
3751,T-shirt,Patel-Carpenter,http://hobbs.info/
5205,Sticker,Long-Stone,http://www.evans.org/
6041,T-shirt,Woods-Warner,https://www.campbell.com/
9307,T-shirt,Hopkins-Castro,http://peterson-bennett.com/
7432,Poster,Jones Ltd,http://johns.com/
3376,T-shirt,Maldonado-Watson,https://hoover.com/
8000,Keychain,Gonzalez LLC,https://huffman.com/
9964,Keychain,Byrd Inc,https://moss-frey.com/
2803,Album,Ross-Perez,https://hernandez.com/
8095,Sticker,Cruz-Levy,http://www.allen.info/
8436,Keychain,"Ward, Chandler and Johnson",http://white.info/
3029,Keychain,"Taylor, Hamilton and Larson",http://huffman.com/
5457,Album,Hill and Sons,https://james.org/
1039,Sticker,"Kim, Martinez and Jimenez",http://www.herrera.com/
6775,Album,Johnson and Sons,https://patterson-williams.biz/
5460,Sticker,"Odom, Travis and Gonzalez",http://www.decker-dodson.info/
2605,T-shirt,Torres-Lee,https://www.rodriguez.org/
4789,Poster,Cole-Velazquez,https://www.morgan.com/
3906,Sticker,Harris-Smith,https://may-clark.com/
5320,Album,Haynes Ltd,http://wise.com/
1166,Poster,Gonzalez-Peterson,https://maddox.com/
1063,Album,Smith-Cabrera,https://www.williams.com/
5199,T-shirt,Weaver Group,http://miller.com/
6801,Album,Roberts LLC,http://www.clark-nguyen.com/
4248,Poster,Bauer-Hernandez,https://petersen.biz/
5542,Keychain,Shepherd-Campbell,https://ayala-salas.net/
5959,Sticker,Allen and Sons,http://www.williams.org/
4204,Keychain,Payne-Elliott,https://mccarty-monroe.biz/
7775,Keychain,Johnson-Edwards,http://www.anderson-dean.com/
1246,Album,Woods Ltd,http://www.collins-duffy.com/
1341,T-shirt,Hudson-Fisher,http://tyler.com/
6759,T-shirt,"Harrison, Johnson and Wright",http://riggs-cameron.com/
7101,Keychain,Wagner-Murphy,https://holloway-phillips.info/
5068,T-shirt,Savage and Sons,https://www.rogers.com/
8824,Keychain,Padilla PLC,http://howe.com/
1828,Poster,"Hill, Alexander and Holmes",http://cherry.com/
9076,T-shirt,Williams-Moon,http://www.murphy.biz/
8577,Sticker,Mercer Inc,https://www.costa.com/
4085,Keychain,"Velazquez, Hudson and Pace",http://alexander.com/
6945,Poster,Ortega-Sanchez,http://www.pierce-mann.net/
2642,Keychain,Bell-Green,http://www.thompson.com/
5448,Sticker,"Romero, Escobar and Smith",http://miller.com/
1472,Album,Perez-Knight,http://www.thomas.com/
8161,Poster,"Wade, Thompson and Adams",http://kim.com/
2091,T-shirt,Powell-Figueroa,http://young.com/
2666,Keychain,Barker-Moses,http://walls.com/
2525,Keychain,Hall-Frank,http://blair-lopez.com/
9775,T-shirt,Bowen-Miller,http://miller.com/
2061,Poster,"Owens, Hatfield and Johnson",http://www.davis.biz/
7121,Album,Pearson Group,http://gray.com/
5713,Keychain,Berry-Hogan,https://ware.org/
9476,Album,Vargas Ltd,https://www.bauer.biz/
8539,Sticker,Rice-Mccormick,https://riley.com/
4779,Poster,Miranda LLC,https://www.roberts.info/
6839,Sticker,Curry Inc,https://www.stewart.biz/
5057,Sticker,Hampton-Jones,http://www.martinez.biz/
9652,T-shirt,Anderson-Morton,https://stephens-burke.com/
2148,T-shirt,"Solomon, Cortez and Sandoval",http://www.bond.com/
5406,Sticker,Martin-Moore,https://www.wilson.com/
4561,Keychain,"Stevens, Diaz and Logan",https://www.king.com/
2898,Keychain,Lewis-Ray,https://delacruz-alvarez.info/
6909,T-shirt,Smith-Salazar,http://www.williams.biz/
3317,Keychain,Pope-Lawson,http://www.sexton.com/
3447,T-shirt,"Gutierrez, Phillips and Hunt",http://gonzalez-williams.info/
1644,Poster,Rodriguez-Ferguson,http://www.wallace-valencia.com/
2751,T-shirt,Ross-Schneider,http://www.hubbard.net/
2715,Poster,"Gillespie, Mckee and Melton",https://cummings.net/
2176,Sticker,Rose LLC,https://www.martin.net/
3962,Album,"Barnett, Fisher and Daugherty",http://horn-arellano.org/
9501,Album,Chapman Inc,https://www.kemp.net/
4200,Keychain,Reynolds Group,https://brooks.net/
6978,Keychain,Martin-Morgan,https://hill.com/
7091,Keychain,Diaz-Williams,https://green.com/
6181,T-shirt,Hoffman Inc,http://wood.com/
5843,Sticker,Rios Inc,http://grimes.info/
8186,Keychain,"Mendoza, Meyer and Decker",https://sanders.org/
7047,Sticker,Barr and Sons,http://williams-tyler.com/
8123,Sticker,"Wong, Garrett and Camacho",http://www.mitchell.com/
2759,Poster,Wright-Sweeney,https://www.harvey-spencer.com/
6616,Poster,Ayala LLC,https://www.delgado-hancock.com/
1617,Keychain,Lewis Group,http://www.walters.org/
1223,T-shirt,Perkins PLC,https://www.hines.com/
7982,Keychain,Wright-Weaver,http://www.kelly.net/
7132,Album,Richards-Porter,http://www.koch-wilkinson.com/
6489,Poster,"Hinton, Phelps and Williams",http://long-hernandez.info/
9827,Album,Drake-Vance,https://www.castillo.org/
1950,T-shirt,"Thompson, Carter and Porter",http://jones.com/
6186,Keychain,Sanchez-Gallegos,https://johnson.com/
4835,T-shirt,"Mitchell, Perry and Lewis",https://www.hughes.com/
4450,Sticker,"Mccormick, Tran and Salas",https://austin.com/
9480,Album,Underwood Inc,http://www.wyatt.info/
8820,Sticker,Long-Williams,https://hicks.info/
5671,Poster,"Barton, Peters and Cervantes",https://www.kent.org/
4702,Sticker,Horton PLC,http://www.brown.com/
1895,Poster,"Grant, Daugherty and Cruz",http://mccarthy.com/
4760,Poster,"Cruz, Fisher and Johnson",https://miller.com/
7904,Keychain,"Foley, Cooper and Walker",https://www.smith.com/
5308,Album,"Morton, Jenkins and Chavez",https://mcmillan.com/
9423,T-shirt,Young Inc,https://www.walls.com/
1243,T-shirt,Medina and Sons,https://garrison.info/
3252,T-shirt,Fitzgerald-Suarez,http://www.johnson.com/
5051,Poster,Alvarez-Turner,http://bender-bender.biz/
1743,Keychain,Yang Inc,http://williamson.biz/
5373,T-shirt,Alexander and Sons,https://rush.net/
1539,Poster,Flynn-Villanueva,https://www.sherman-lin.com/
3226,Poster,Vaughan Group,https://www.anderson-jones.com/
5287,Poster,"Taylor, Griffin and Owens",http://fritz.biz/
1765,Keychain,"Watts, Carter and Fry",https://morris-elliott.info/
9762,Poster,Arias Inc,https://www.black.com/
7067,Sticker,"Price, Hubbard and Graves",http://www.pearson-fitzpatrick.com/
7771,T-shirt,Perez PLC,https://padilla.com/
4879,Keychain,Chen LLC,http://www.gardner.com/
1069,Poster,Walker-Woods,http://www.adams.org/
3826,T-shirt,"Harrison, Dillon and Hall",https://www.silva-cook.info/
7396,Sticker,"Martinez, Klein and Kramer",http://www.rodriguez-robinson.com/
1562,Sticker,Edwards-Strickland,https://morales-lopez.net/
9628,Album,Waters Ltd,https://brewer.com/
4301,T-shirt,"Crawford, Hartman and Mccoy",http://www.spencer.org/
7274,T-shirt,Brooks-Williams,http://www.greene-rodriguez.com/
9323,Album,"Gaines, Dean and Brown",https://bennett.org/
3633,T-shirt,Moore PLC,http://collins.com/
8451,Sticker,"Montgomery, Morris and Navarro",http://mcguire-malone.org/
4777,T-shirt,"Casey, Bautista and Bailey",http://campos-johnson.org/
2550,Sticker,"Clark, Fisher and Obrien",https://www.lee.org/
3758,Album,"Morgan, Lee and Miller",http://smith-harris.biz/
4314,Sticker,"Castro, Smith and Anderson",https://www.jimenez.com/
8489,Poster,"Sherman, Wood and Garcia",http://thomas.info/
4421,Poster,Cuevas Ltd,https://www.jimenez.com/
6266,Keychain,"Garcia, Randall and Nixon",https://www.marquez.com/
2443,Album,Kim-Oconnor,http://www.gordon.org/
4527,Keychain,Smith and Sons,https://bauer.org/
8779,Poster,"Villanueva, Weiss and Cobb",http://www.gibson.com/
1810,Album,King-Rodriguez,http://www.harmon.com/
6290,Sticker,Lin-Swanson,http://www.rasmussen.com/
6884,Poster,Cook-Swanson,https://hernandez-shaffer.biz/
4167,Album,Harris-Lowe,https://baker-sosa.com/
4953,Sticker,Roberts-Gonzales,https://www.hall.com/
4232,Album,"Snyder, Frazier and Rivers",https://henderson.org/
9510,Sticker,Chavez-Smith,https://sanchez.com/
7694,Keychain,Lewis Ltd,https://meyer.com/
3935,Album,Garner-Thomas,https://wolf-rubio.net/
2115,Poster,Warren Ltd,http://www.salazar.org/
4390,Poster,"Roach, Green and King",http://www.caldwell.com/
2046,Album,Ward-Larson,http://stewart-smith.biz/
3586,Keychain,"Clayton, Kline and Burnett",http://www.melendez.com/
5789,Poster,Lee and Sons,http://www.owens.com/
9091,T-shirt,Lewis-Zamora,http://taylor.info/
8792,Poster,Roach LLC,https://www.johnson.com/
4860,T-shirt,Riley Inc,http://hoover-lopez.com/
5895,Album,"Briggs, Hartman and Evans",https://chavez-rollins.biz/
9139,T-shirt,"Stone, Craig and Thomas",http://www.nguyen.org/
9568,T-shirt,Richardson-Gonzales,http://www.johnston.com/
8220,Keychain,Watkins and Sons,http://perkins-lowery.com/
7470,Poster,Garcia-Moore,https://hutchinson.info/
8749,T-shirt,"Lucas, Harris and Anderson",https://stevenson.info/
7450,Sticker,"Patel, Logan and Harris",https://hendrix.com/
7004,T-shirt,Miller-Baldwin,http://johnson.biz/
8113,Poster,Haley-Dawson,http://giles-brown.com/
3479,Keychain,"Figueroa, Ramirez and Mccoy",http://dixon-rodriguez.org/
5906,Poster,Hall Group,http://www.kennedy.net/
1255,Poster,Thomas and Sons,https://hunt.com/
7848,Album,Thompson PLC,http://benitez-holt.com/
5958,Album,"Martinez, Vasquez and Jones",http://www.jackson.com/
1210,Poster,Reynolds Group,http://www.taylor.info/
9764,Keychain,Price PLC,http://wilson-stephens.com/
8521,Album,Holder Group,http://mills.com/
8412,Keychain,Jenkins Inc,https://www.stevens.biz/
9811,T-shirt,Gibson PLC,https://www.davis.com/
7131,Poster,Horn-Young,https://smith.biz/
2074,Sticker,Boyd-Booth,http://mcintyre.com/
3923,Keychain,"Schmidt, Fletcher and Brooks",https://www.macdonald.biz/
9816,Poster,Wolf and Sons,http://melendez.com/
2696,Album,Holloway PLC,https://lewis.com/
8043,Sticker,Dixon Ltd,https://simon.com/
1269,T-shirt,"Brown, Fleming and Wright",https://www.skinner.com/
9014,Keychain,Ford-Brown,https://nguyen.org/
4548,Album,"Hansen, Pearson and Carpenter",http://kelley.com/
8139,T-shirt,Townsend-Brown,http://wright-watkins.com/
5285,Sticker,"Peterson, Brown and Morgan",http://hancock-hurley.com/
2362,Album,"Savage, Lang and White",https://wise.com/
9361,T-shirt,Mcneil LLC,https://www.parker.com/
5474,Album,"Miller, Castro and Richards",http://www.harris.info/
6886,Album,Hamilton Inc,https://www.santiago-lopez.biz/
4159,Sticker,Ferguson Inc,https://chavez.com/
3298,Poster,Valencia-Huynh,https://gould.biz/
2840,Sticker,Briggs-Gibbs,http://gill.org/
8833,Poster,"Brown, Clark and Middleton",http://www.green.biz/
2409,Album,Perkins-Vaughn,https://www.rodriguez.com/
9132,Keychain,Williams and Sons,https://www.miller-diaz.com/
6112,Poster,Price-David,https://www.avila.com/
6437,Sticker,Sherman PLC,https://www.parsons.info/
4639,Album,"Wade, Ramsey and Franco",http://kelly.com/
2460,Poster,Jones-Watson,https://ortega-brown.org/
5942,Sticker,"Hansen, Sullivan and Davis",http://www.knight.com/
1317,Poster,"Daniels, Sparks and Sawyer",http://www.lowe-schmidt.com/
5213,Album,Peters Inc,http://williams.biz/
3299,Keychain,Hanson-Gutierrez,http://www.chavez.com/
3580,Album,"Clark, Carroll and Green",https://dennis-figueroa.com/
1295,Poster,Meyer Ltd,https://www.clarke.biz/
2528,Keychain,Johnson-Wells,http://rowe-holden.com/
9743,T-shirt,Hanna Group,https://lane.com/
8101,Keychain,Mcdaniel-Black,https://www.bailey.com/
1705,Poster,Jennings Inc,https://www.robinson.info/
8387,Album,"Long, Jones and Villarreal",https://www.richardson.biz/
8614,Sticker,Salas-Roberts,http://www.jacobs.com/
8236,Poster,"Ramos, Armstrong and Davis",https://www.shepherd.org/
1563,Sticker,"Bush, Williams and Wood",https://reyes-diaz.org/
4686,Poster,Barrera-Roberts,http://vargas.org/
9485,Sticker,Lee LLC,https://jimenez.com/
6086,Keychain,Parker-Schroeder,http://stewart-jones.com/
4166,Sticker,Dickerson-Edwards,https://www.nelson.com/
3641,T-shirt,"Molina, Moody and Parker",https://oneal.com/
1926,Keychain,Gray Ltd,https://www.nolan.com/
6633,T-shirt,Johnson PLC,https://perez-myers.biz/
2748,T-shirt,Lee-Garcia,http://www.meza-sandoval.biz/
9640,Sticker,Jackson and Sons,https://www.gonzalez.com/
4158,Poster,"Howell, Tran and Sanders",http://www.mclaughlin.net/
1949,Poster,Garcia Ltd,https://www.jones.info/
