Username,Email,MembershipStatus,Location
paige36,eric17@example.org,False,Lake Christinefort
joshuaobrien,laura56@example.com,True,Michelleland
yhicks,qjohnson@example.net,True,Russellmouth
matthewalvarez,ianderson@example.net,True,North Janettown
tracey56,moorejim@example.org,True,North Johnmouth
tanyabarrett,gordonchristopher@example.com,True,North Devonshire
lewispamela,geraldyoung@example.com,False,West Benjaminfort
mwarner,kirkwest@example.org,True,East Vickiechester
nicholsonalex,lawrence95@example.net,True,North Mark
markchoi,ewilliams@example.com,True,New David
karenrodriguez,brendareed@example.net,False,Cooperberg
qjackson,youngandre@example.com,False,Lake Andres
howard47,jwilson@example.com,False,Jamesside
priceomar,brian42@example.net,False,East Davidchester
teresa01,nancycarr@example.com,True,Christinahaven
hammondrobert,howardsamantha@example.net,True,Danamouth
abigail54,jesse80@example.com,True,West Timothy
lcuevas,tylerroth@example.net,True,Markberg
roberto08,odean@example.net,True,Lake Lisa
fbell,kristinsandoval@example.net,True,Port Jason
latasha75,pthomas@example.net,False,Jonesfort
peteraustin,sshepard@example.net,True,South Jordan
swolfe,uross@example.com,True,Huynhfort
bobby48,gsmith@example.com,True,West Michael
mblair,gmarshall@example.org,True,Lisabury
kellycooper,eneal@example.org,False,East Brittanytown
jgonzalez,stephanie92@example.com,False,Jeffreyshire
tinamiller,spencersara@example.net,True,South James
matthewssara,xryan@example.com,True,East Courtneyville
andreahall,bergermichael@example.net,False,South Tamibury
robertschristian,xjackson@example.net,False,Hendersonshire
amyhoffman,debbie15@example.net,True,Coreyside
smithhailey,jeffrey43@example.com,True,North William
matthew36,leerobert@example.net,True,Robertmouth
nrivers,tleon@example.net,True,North Kathrynview
kimwesley,kimberly08@example.net,False,North Williamhaven
james35,nicole46@example.org,False,New Seanmouth
morriscolton,christopherclark@example.com,True,North Joseph
thompsonjose,garyscott@example.org,True,Port Michaelfort
kjones,pmoore@example.org,False,West Patrickhaven
alanwilliams,cjones@example.net,True,South Stacyport
albert20,inorman@example.net,True,East Jenniferchester
felicia23,joshua47@example.com,False,Angelaview
chelsea14,brianharding@example.org,True,Port Ricky
robin76,shermanchristopher@example.net,False,South Cindyton
steve56,bennettchristine@example.com,False,Jonathanbury
mkelly,michael36@example.org,False,Erinstad
vlopez,dschaefer@example.com,True,Thomasberg
zmitchell,jacob38@example.com,True,Amyfurt
martin17,scottrebecca@example.org,True,West Tina
gailwiley,darrylrobles@example.com,True,Russellview
gpayne,pballard@example.org,False,Paulstad
ashley44,robertsmith@example.org,True,Lake Tyler
rodriguezalexis,dennis78@example.com,True,Port Austintown
barbara38,zortega@example.com,False,West Cynthia
diazjaime,jason94@example.net,False,Reginaldport
lrussell,hollyconley@example.com,True,New Mitchelltown
anthonyroth,andrea09@example.org,True,Stewartfort
anawilson,christopherbrewer@example.org,True,North Rachelside
robertgray,jacobmarquez@example.net,False,Amandafurt
davismichael,patriciahatfield@example.net,False,Ryanside
careycourtney,mcruz@example.net,True,Collinsside
douglas69,michelletran@example.org,True,East Felicia
jeffreyrandolph,amandagreene@example.net,False,West Melissa
rachelware,jacqueline47@example.com,True,Bryantchester
tranjessica,boydjoseph@example.net,False,Danielport
hsharp,smithrita@example.com,False,Levyshire
cathy80,acamacho@example.com,True,North William
prusso,tconrad@example.org,True,New Timothy
nealamanda,williamvega@example.org,False,Lake Heather
sarahsmith,richardwright@example.org,True,Tinaton
silvadiana,warrennicole@example.net,False,Calvinmouth
jessica11,bondelizabeth@example.net,True,New Monica
michael66,taylorjulie@example.com,False,Jacksontown
austinjodi,abrown@example.net,False,West John
miranda51,johnmoore@example.com,False,Lake Alyssaburgh
josephwilliams,emilyrichardson@example.org,True,North Tonyaville
sfuller,murphyvictoria@example.org,True,Hectorton
davidparks,yparker@example.com,False,Perryton
wagnercharles,cathynash@example.org,False,East Thomas
duranfrancisco,fclayton@example.org,False,North Summermouth
margaret32,pmitchell@example.com,True,Blanchardburgh
kthomas,jeffery14@example.org,False,Cochranmouth
conradangela,bryan96@example.org,True,Fitzgeraldview
porterzachary,ritasantos@example.org,True,Marshallfort
npayne,ashley39@example.net,True,Lake William
jason64,ashepherd@example.com,False,North Gary
williamcook,mary13@example.org,True,South Taylor
dcarter,nnicholson@example.org,False,Dixonborough
adam15,oyoung@example.net,False,Tammybury
tfuentes,nashpedro@example.com,True,New Mark
anthony86,allenduane@example.com,True,Lake Toni
frazierrobin,gillespiepaul@example.com,False,Robertmouth
tuckerjeanne,grayjohn@example.com,False,Curtisville
kglover,spencerchristopher@example.com,False,Mannport
hgonzalez,pamelalopez@example.org,True,Kerrville
garciachristopher,tammy11@example.com,False,Port Denise
fmorgan,judithrogers@example.org,True,Michaelshire
jacquelinecollins,piercealbert@example.net,False,Tammymouth
millszachary,natalie50@example.net,False,Port Jeffrey
steve86,gonzalezdonna@example.org,False,Pamelaland
barbarawatkins,mcbriderobert@example.com,False,Timothyville
douglaskathy,vcooper@example.net,False,Frenchchester
careyjennifer,twalton@example.org,True,North Melissaview
xjarvis,irivera@example.com,False,Atkinsborough
bolson,hannahcampbell@example.org,False,Michaelborough
christina98,ryandelacruz@example.org,True,West Lisaberg
abrown,melissa89@example.com,True,New Tracy
kingtheresa,douglasyoung@example.org,True,West John
joseph96,gainesrandy@example.com,True,Lake Carl
vbutler,gonzaleschristopher@example.net,True,New Heathermouth
rachelbarnes,bowersscott@example.com,True,Jenniferburgh
mark70,matthewmcclure@example.org,False,Wilsonside
maddenfrancis,igutierrez@example.org,False,North Donaldbury
taylorkaitlyn,simmonschristina@example.net,True,North Scottfort
nwalters,ugoodman@example.net,False,Boyleport
gavinhuff,paigedavid@example.com,False,Michaelview
johnsonchristy,joshuadean@example.net,False,West David
mitchelljohn,shawn26@example.net,True,West Kevinville
colleen33,martinlori@example.org,True,Port Emily
rlopez,mccalljoann@example.com,True,Christinehaven
danielsmith,andrecook@example.net,False,Whiteburgh
jennifer38,matthewmiller@example.org,True,East Randy
mitchelldiana,brianjones@example.com,True,Lake Jimmy
joycemurray,wsmith@example.com,True,North Wanda
christopher58,dannyschroeder@example.com,True,Hillside
zacharygriffin,cooperashley@example.net,False,East Micheleshire
rebeccalambert,chadknight@example.net,True,Jamesfurt
coltonhowell,kimberly77@example.com,False,Johnborough
crystal82,brandonmorales@example.com,True,Mitchellview
jamie66,prussell@example.com,False,Butlerport
carterphilip,nelsonjohn@example.com,True,Lake Donaldville
randy49,powerslarry@example.org,True,West Roseport
chelsea57,crobinson@example.com,False,Paulmouth
angel64,lking@example.net,False,Frankland
abaldwin,jacqueline02@example.net,False,Edwinside
samantha16,uking@example.net,False,New Jonathanmouth
michelle46,whitneyhughes@example.net,True,Kimberlystad
hchapman,sarah85@example.net,True,Richardstown
anthony27,jasonrobbins@example.com,True,Peterton
ngeorge,grace47@example.org,True,New Aaronmouth
samantha31,joshuabrock@example.com,False,South Taylorburgh
cobbmichael,edward12@example.net,False,East Rachelmouth
mitchell21,angelagoodman@example.com,False,Port Harryton
cevans,christiangardner@example.org,True,Tammychester
rreynolds,william71@example.com,False,New Daniel
lee88,burnettjames@example.net,False,South Jason
patrickwagner,cody38@example.org,False,Torresburgh
louiswalter,hwhite@example.com,True,West Kimberlyberg
schmittrodney,rachaelrivera@example.net,False,Port Douglas
fwarren,pwilliams@example.com,True,Lake Michelle
xross,gregory82@example.com,False,Lake Katrina
obrown,smithandrea@example.net,False,Lake Melissa
goodwintiffany,rjensen@example.net,False,Portertown
oparks,carl70@example.org,False,Karenmouth
michaeloliver,hbarrett@example.com,True,South Larrychester
zpoole,sierrawhite@example.com,True,Douglasborough
jonespamela,icrawford@example.net,False,East Tiffany
colleenduncan,oturner@example.net,True,Williamton
scott12,olee@example.com,False,Moorehaven
christopherpowers,bowenalejandra@example.org,False,Hansonville
danielsdenise,vickiwall@example.org,False,Port Michelleport
xmccarthy,thomascaleb@example.org,False,New Juliaton
alexanderarmstrong,leecrystal@example.com,False,East Suzannemouth
jamiesmith,pwilliams@example.com,False,Sherryside
zmccarthy,tuckermark@example.com,False,Petersenshire
christopherpeters,huffmanhannah@example.com,True,Taylorchester
petersann,martinezjocelyn@example.org,True,New Danielside
wardjohn,vhoward@example.org,False,Harmonfort
margaret57,meredith11@example.com,False,New Stanley
raymondtaylor,vjones@example.net,False,Brandichester
espence,davidbailey@example.com,True,Lake Jessehaven
xavier13,heatherdillon@example.org,True,Hendersonhaven
hwest,christopher87@example.com,False,Juanfort
jenkinsmary,steven11@example.com,True,Lake Laurenchester
fisherchristopher,juliandawson@example.net,True,Lake Jessica
kristencortez,nicole53@example.org,False,Rickyview
melanie77,thompsonsarah@example.com,False,Port Tiffany
sgonzalez,rosepatricia@example.org,True,Christopherfort
charleshernandez,robin46@example.com,True,Muellerstad
leahhopkins,russellkathy@example.com,True,Davidside
dawn04,richard31@example.com,True,South Colleenport
ashley21,susanmoss@example.net,True,Whiteland
valerie22,daniel08@example.org,True,Washingtonborough
kelli85,smithmatthew@example.net,True,Thomasberg
jonesmegan,rebecca83@example.com,False,Estradashire
donaldbennett,collinsjohn@example.com,True,East Danielle
brandi20,williamsmith@example.net,True,Adamsborough
stephanie19,jennifermarks@example.org,True,Jordanchester
dianethomas,marymccarty@example.com,False,Sethside
melissahuynh,jmoody@example.org,False,West Christine
michelebest,jeffrey06@example.net,True,Bryantland
markperez,lbush@example.net,False,Brownburgh
mary97,patrick58@example.net,True,Sullivanton
rodriguezcody,sarahmoyer@example.com,False,Port Jamesville
palexander,tammylee@example.com,True,Lake Cameronberg
johnmatthews,tamara14@example.net,False,West Jeffrey
mcfarlandmatthew,kathy32@example.org,True,Lake Thomasfort
agarcia,mbanks@example.org,False,South Steve
tonybarr,jonesann@example.com,True,New Alicialand
khowell,alicia69@example.org,True,Port Tiffanyfurt
maria54,smithkayla@example.net,True,Keithmouth
chloe03,gilbertgraham@example.net,False,West Leah
williammcguire,jonesmichael@example.net,True,Jordanburgh
sanchezmary,hnicholson@example.com,False,South Anthony
hannah95,harrellmelissa@example.com,True,West Travis
nharris,ebaxter@example.com,False,Vanessamouth
mary87,samantharogers@example.net,False,Christophertown
gibsonadrian,seanburton@example.com,False,Robinsonburgh
josephthompson,brandon30@example.net,True,Kristenberg
qfleming,schroedersharon@example.net,False,Lake Scottport
adillon,qthomas@example.org,False,Lake Christopher
lancemoore,smckenzie@example.net,True,Port Alexhaven
bnelson,james78@example.org,False,New Johnfurt
zwall,morgansimmons@example.com,False,North Patrickville
michellegallegos,nicholascampbell@example.com,False,Melanieport
gonzalezterri,jmcintosh@example.com,False,Franklinmouth
nicholas80,jaimegoodman@example.com,False,North Davidfurt
marywilliams,dross@example.org,False,Cameronmouth
april73,victorross@example.com,True,South Stephaniestad
cookamanda,dannymarquez@example.org,False,South Alex
william81,cynthiarodriguez@example.com,True,Martinville
rhammond,douglasamanda@example.net,True,New Gina
xduncan,hayesabigail@example.net,True,Port Jodi
erik90,ocox@example.com,False,Mirandafurt
orrbrittany,hughesamanda@example.org,True,North Elizabethtown
marcusshaw,larry18@example.org,True,East Timothyport
ericking,schroederjaime@example.net,True,Hannaview
daviscrystal,psharp@example.net,True,Thorntonchester
stoneallison,james63@example.org,True,North Edward
mollypatterson,davidpatterson@example.com,True,East Christina
kmathis,todd89@example.com,False,Jasonmouth
julielee,gcruz@example.com,True,Grantside
antoniochandler,mendezlindsay@example.org,False,East Kellytown
david76,pmorgan@example.net,False,Chanfort
rrivera,wilsondonald@example.com,True,Lake Brandi
williamsmorgan,jonesedward@example.com,False,Courtneymouth
nancy13,danielcortez@example.com,True,South Kimberlymouth
erika08,alvarezkathryn@example.org,False,Ericmouth
batestina,morrisonchristopher@example.org,True,West Samantha
ngriffin,paulataylor@example.com,True,Gonzalezberg
nluna,jacquelinewang@example.com,False,Amybury
william87,duncanjeff@example.org,False,Youngmouth
ismith,murphyjohn@example.org,True,Buckleyport
lloydnatalie,lopezmichele@example.com,False,Tammyfort
april52,sgomez@example.org,True,Pettymouth
amanda20,tranbrianna@example.org,True,South Tina
diane79,mcdonaldbrandon@example.net,False,Robertfurt
deleonmark,griffinmeredith@example.net,True,Port Feliciachester
jacqueline25,jcampos@example.net,True,Jasonbury
miguelhill,jonathan83@example.com,True,Jessicaborough
jeffreyedwards,deborahyoung@example.org,True,Garciachester
james98,zdeleon@example.net,True,North Leah
markspatrick,jordan02@example.net,True,West Gwendolyn
jhall,ksmith@example.net,False,Bensonshire
donald05,larry01@example.net,False,Kellyville
thomasterri,laurenwilliams@example.net,True,Michellehaven
osawyer,millerpedro@example.org,False,Daniellebury
brussell,bookerashley@example.net,False,New Alicia
lyonsjanice,thomasstokes@example.org,False,Jeffreyburgh
ccole,lindsey17@example.org,True,South Rachael
utapia,kristin02@example.org,True,Johnsonland
adamserin,johnsonjeffrey@example.org,False,Colleenbury
patriciadecker,irosales@example.com,True,Lake Ginahaven
richardsonwhitney,jacqueline89@example.org,True,Port Nicolebury
gilbertbenjamin,jodybryant@example.net,False,Wellschester
nicholashuerta,smitherin@example.org,True,Laurafort
brian08,yhall@example.org,True,Sharonberg
alexismay,zimmermanpamela@example.org,True,West Randallstad
kbarnett,greenchris@example.net,False,Port Mariachester
tguerrero,wknight@example.net,False,Bradleystad
eedwards,samantha18@example.com,True,Jasonfort
audreypacheco,hallcraig@example.net,False,Muellertown
castanedaroger,kingjonathan@example.com,False,Wandachester
patrickmurphy,patricia32@example.com,False,Phillipsbury
johnsonjodi,fleminggeorge@example.com,False,Mitchellside
sandra27,ashley02@example.org,True,North Colleenmouth
wsosa,amy34@example.net,True,Port Alexandriaborough
matthew23,stephensjonathan@example.net,False,Krausetown
robert32,stephanieshepherd@example.net,True,East Amber
kenneth41,martinezandrea@example.net,True,Collinsport
hopkinsamanda,andrewbrown@example.org,True,Tammytown
ejackson,orremily@example.com,False,Lake Pamela
gibsonangela,heidi14@example.net,True,Michelleburgh
scottmichael,sullivanjeffrey@example.net,True,South Jessica
amyjohnson,hodgedavid@example.com,True,East Kaitlyn
mirandajennifer,scottcortez@example.org,True,Lucasberg
mfuentes,jortega@example.net,False,Port Jacobmouth
nathaniel12,garydavis@example.net,True,South Miranda
kentbeth,jacquelinegray@example.net,False,Port Deborahberg
bethanymullins,colezachary@example.net,False,East Donnabury
pharris,stonekelly@example.org,True,Port Margarethaven
rhodessherri,cunninghamanne@example.com,False,East Felicia
brennanjennifer,mary81@example.com,False,Tatehaven
buchanancharles,douglasherman@example.org,True,Lake Marthahaven
cooperbrandon,margaretbrown@example.net,True,Tammyside
jennifer88,janetramirez@example.org,False,Williamborough
jamescampbell,andersonchad@example.com,False,Brucehaven
kdurham,zprice@example.org,False,Bellborough
yramirez,andrewevans@example.org,False,Lake Jermaine
davidarmstrong,garrisonadam@example.net,True,South Michael
latoyasmith,quinnangel@example.com,False,Phillipsfurt
porterjulie,brownjohn@example.net,True,Kylestad
dsolomon,wwillis@example.org,True,Johnsonland
adam71,coffeybrandi@example.com,False,East Evelynmouth
joanna62,bthompson@example.org,True,South Jeremybury
jennifer29,jeanettehernandez@example.net,False,Pattersonborough
wardtimothy,edwardpalmer@example.com,True,New Meganborough
turnerchristine,sherry77@example.org,False,Mooreside
walkertimothy,lvasquez@example.net,True,Danhaven
ashley74,justin55@example.org,False,Nancyborough
thomas73,rachelharris@example.net,False,Lisaborough
steven35,melissaswanson@example.org,False,South Katieport
andersontimothy,fwilliams@example.net,True,Lake Robin
lauren58,stewartstacie@example.com,True,Karenport
amber24,vglass@example.com,False,Ochoaside
lwolf,ypacheco@example.com,False,Julieland
xford,lli@example.net,True,Port Michael
amy92,jefferyvillanueva@example.net,False,South Ryan
kimberly62,leeblake@example.net,True,Jenkinsshire
adamsandre,kevin23@example.com,False,West Philip
whiteamanda,bperez@example.com,False,Zacharyberg
rodriguezdenise,austinkeith@example.net,False,South Johnmouth
helen15,gcross@example.com,False,Lake Mark
andrea15,davidflores@example.com,True,Wardland
sanchezian,gavin03@example.org,True,South Ryan
jerry68,jeremy18@example.com,False,Port Kristyview
wongjames,thomasjames@example.net,True,Elizabethmouth
ross03,jennawilliams@example.net,False,East Rebeccaton
williamslisa,murphybradley@example.org,True,Lake Jenna
tiffany54,nancy94@example.org,False,South Sara
rmyers,cassiegray@example.org,False,Rayhaven
heidiramirez,hollandmartha@example.com,False,Debraborough
jimenezcasey,martinapril@example.com,True,Leebury
maria87,speterson@example.com,True,Whitehaven
mitchellnathan,jenniferdelacruz@example.org,True,New Elizabeth
whiteanthony,orranne@example.net,False,Kevinberg
joshuastewart,hamiltonjacob@example.org,False,Melissaside
richard66,shepherdjennifer@example.net,False,West Michaelbury
carrolllisa,james47@example.com,True,Smithland
david03,kevin84@example.com,True,Tranfurt
sullivanspencer,morrisbrad@example.com,False,East Patrickburgh
higginsbonnie,ljackson@example.net,False,New Angelafort
williamperkins,carrshannon@example.org,True,Josephville
khines,rachelwilliams@example.com,False,Brownside
sharonware,beasleychristy@example.org,False,New Samuelfort
kelly81,tmcbride@example.net,False,Kellyville
mbenton,kylevargas@example.org,True,Daltonton
cwatkins,janet68@example.org,True,Jessicabury
michellejones,timothymccullough@example.net,False,East Julia
adam95,johnsonsteven@example.com,True,Taylorshire
maynardrobert,medwards@example.org,True,New Stacy
douglas16,cainstephanie@example.org,True,Brandyton
michaelburns,ryan68@example.net,False,Martinezshire
erikaheath,hmartinez@example.org,True,Ochoaborough
cruzpatrick,kevinbarnes@example.org,True,East Anneport
alvaradoashley,keith46@example.org,False,Mooreberg
robertclark,boydkenneth@example.com,False,North Matthewfurt
ogray,villawanda@example.net,True,East Melissa
meganolson,hullvanessa@example.com,False,North Sarahtown
harperamber,underwoodjason@example.net,True,Lake Anthonyhaven
brian81,mary67@example.net,True,Tinafurt
richard84,seanlevine@example.com,True,East Micheleburgh
wallacemichael,martinezchristopher@example.net,False,Port Michelle
evanlogan,qnguyen@example.net,False,Garciamouth
gonzalezeric,scottkelly@example.net,True,Timothystad
gcaldwell,isanchez@example.com,False,Karenville
joseph48,aprilmitchell@example.org,False,Johnsonburgh
patricia29,mitchelljacqueline@example.net,False,Scottborough
william14,ofoster@example.com,True,Lake April
michelle00,robertsonjenna@example.com,False,Lake Juliaside
fgreene,cdelacruz@example.net,True,South Lisa
lambashley,emorris@example.net,True,Castroshire
johnsontraci,stephen38@example.org,False,Chelseaberg
nicholas77,smithjoshua@example.org,True,Curryside
lauragriffith,shermantimothy@example.net,False,Wardmouth
beasleyanthony,andre65@example.com,False,Port Garrett
jennifer96,seannixon@example.org,True,Michelleville
michael58,jenningsharold@example.net,False,North Catherineshire
matthewmiller,nrivera@example.net,True,Amyfurt
samuel13,chadparker@example.net,False,West Paul
jeffrey22,melissa30@example.net,True,New Derricktown
ashleylee,phernandez@example.com,True,Lake Coreyfurt
gail27,tiffany70@example.org,True,South Jamesmouth
erika39,xrivera@example.com,False,Andreamouth
haley13,madisonwalker@example.org,True,West Joshuatown
linda82,valdezsharon@example.net,True,North Jameston
debragibson,oyoung@example.org,True,Robinport
amylozano,jstewart@example.org,True,Martinton
melissa23,nguyenjeremy@example.org,True,Charleston
jonathan90,susannovak@example.com,False,Brandichester
eschroeder,bellsamantha@example.com,False,Jenniferchester
lambertamy,curtisbreanna@example.org,False,South Heather
anthony77,kylerichardson@example.org,False,Brentberg
felliott,kathleen62@example.com,False,Stevenshaven
hwarren,pauldavidson@example.net,True,Michellestad
raymondberg,hannah01@example.org,False,Blairfort
meyersvincent,perezsherri@example.net,True,Lake Amber
flynnjames,wendy69@example.com,True,South Steven
joshua05,eguerra@example.org,True,Janechester
espinozacatherine,taylorrichard@example.org,True,Terrellborough
brownmichael,kleinjessica@example.net,False,North Angelashire
fitzgeraldjanice,robertrodriguez@example.net,True,Blackmouth
fernandezjodi,aliciasloan@example.net,True,North Mark
wyattsantiago,jasminegreen@example.net,False,Liport
dkennedy,kathy31@example.net,True,Brianburgh
donna93,ncohen@example.net,True,East Josephborough
cody10,fhernandez@example.net,False,Pamelabury
andrea50,kristi49@example.org,False,East Kelseyview
gatesjamie,kellysharon@example.com,False,South John
brookegamble,gruiz@example.org,True,Starkbury
hodgesjohn,gregwalsh@example.com,True,Port Keith
boydpeter,scott01@example.net,False,Port Christinastad
jennifer25,brendanicholson@example.net,False,Lake Linda
amycollins,amy07@example.net,True,Johnsonmouth
isaacthompson,tthompson@example.org,False,Marieside
harryarroyo,hwhite@example.net,True,Villegaschester
sharon07,sergionunez@example.net,False,Smithstad
tbrown,michael76@example.net,True,Jennifershire
zharvey,yrichardson@example.com,False,Lake Jasonview
econner,caitlinbrandt@example.com,True,South Ricky
edavis,bethanybullock@example.org,True,Port Victoria
mariepeterson,derekharris@example.net,True,Julieville
ndavis,pattersondiane@example.net,True,West Davidfort
nicholasroberts,brandonchoi@example.org,False,West Shannonhaven
daniellewoods,cherylpena@example.net,True,Lake Courtneyville
carpentershannon,warrensteven@example.org,True,East Patrickport
snyderdaniel,emily45@example.com,True,Julieberg
melissa69,crawfordamber@example.com,False,Lake Joannaborough
arthur97,hallashley@example.net,False,West Kristen
troy66,daniel63@example.org,True,East John
tommymarks,holmesthomas@example.net,True,East Danielberg
tanya81,slewis@example.org,True,Meyerbury
brian60,wellswilliam@example.net,False,Lake Jamie
kathypacheco,mhart@example.net,False,Lake David
michael14,daniel93@example.org,False,Harrellfurt
powellalexander,carlalogan@example.org,False,Derekville
edward23,areeves@example.net,False,Millermouth
pvalencia,mezajill@example.com,False,Mcguirefort
larrydaniels,nealtrevor@example.com,True,West Joshuaton
ncarr,shawnwade@example.org,True,New Jeremy
lisawhitney,martinezmelissa@example.net,True,Karenport
thomaskeith,brian85@example.net,False,North Maureenland
fsantos,davidwolfe@example.net,False,Jonesburgh
martinrobert,sarahlarson@example.org,True,Nelsonport
stouttimothy,laura62@example.net,True,Tylerberg
charlesburton,susan53@example.com,False,Lewiston
jhunter,ramosannette@example.net,True,Sherryshire
nhaynes,paula45@example.com,False,West David
keithwells,fsmith@example.com,True,New Garyton
nelsonpamela,brandon75@example.com,True,West Kyleberg
christine26,frenchsarah@example.com,False,South Robert
johnsonrenee,sandra73@example.com,True,South Jessica
jamiehernandez,raymondcaleb@example.org,True,South Jessicastad
michael98,elizabethrice@example.org,False,Floresstad
jennifer47,jonathan75@example.net,False,West Jessicaland
tlam,isaac11@example.org,False,North Javiermouth
annethompson,abigailgriffin@example.org,True,Port Jocelynport
erin20,jonathon38@example.net,False,Wilsonchester
lindamiller,vanessapierce@example.net,False,North Katherine
stevenrussell,michaelharper@example.net,True,West Andrewshire
loribrown,stephenboone@example.net,False,East Dustin
chavezsarah,billybriggs@example.net,True,Smithmouth
martinmatthew,stevenhoward@example.com,True,Lake Allenland
cody49,garciamark@example.com,True,Branchfort
thomas87,eileenvazquez@example.net,True,Robertchester
wmyers,pearsonamber@example.net,False,North Daniel
ggarrison,maria11@example.org,False,Port Monicaland
kenneth57,amanda44@example.net,True,West Joanneside
cheryl24,tarakelly@example.net,True,Dawnmouth
castromonica,dperez@example.net,False,Sheltonville
christopherlawrence,llong@example.net,True,West Reginaport
ronaldsantos,kimweber@example.net,True,East Brittany
rwade,jjackson@example.net,True,Amberfort
scottbecker,richardvelasquez@example.net,True,Nicholasburgh
vbrady,hperez@example.org,False,East Kathleenstad
james52,millstheresa@example.org,True,Shanebury
tcox,theresasweeney@example.net,False,New Amytown
michael80,abigail91@example.org,True,Lake Phillip
ijackson,iburnett@example.net,True,Jessicafort
mjohnson,fmclean@example.org,False,Lauraton
kwalker,xmeyer@example.org,False,West Jacobburgh
christina51,woodelizabeth@example.net,False,South Debra
sara32,vtucker@example.org,False,New Tylerton
christopher45,sean13@example.net,False,West Cynthia
christopher20,brandi82@example.com,True,Angelicashire
andrewvaughn,johnsnyder@example.com,False,Christopherfort
turnertravis,abbotttiffany@example.org,False,Matthewtown
mfreeman,vmurphy@example.org,False,Singletonstad
pennymejia,denniscarter@example.com,True,Sharonland
nicholsdonald,dennisrobert@example.com,False,Lake Michele
richard25,richard93@example.net,False,Kennethmouth
jeffcastro,sanfordcindy@example.com,False,North Matthew
hcurry,davisanthony@example.com,False,South Mary
calebsanford,ladams@example.com,False,Port Manuelhaven
jasonrobinson,michelle77@example.com,True,Christineville
fdaniels,andreasmith@example.com,False,Port Michael
chelsea02,lisa55@example.org,False,Kathymouth
thomasamanda,sandovalbarbara@example.net,True,Cooperville
wrightdavid,gowens@example.net,False,Michaeltown
michaelconley,tliu@example.org,True,South Shannon
josephwise,nhuerta@example.org,False,Lake Shane
heathermcknight,cruzstephen@example.net,False,Brownmouth
jason63,rburns@example.org,True,Jamesborough
hhernandez,ywilliams@example.net,False,Melissamouth
alexandriagonzalez,richard55@example.org,False,Matthewmouth
adamsbilly,imay@example.org,True,West Alexander
perezstephanie,joyce86@example.org,False,East Kaylaberg
daviskim,jgray@example.net,False,Brooksview
zblake,brandyhayden@example.net,True,Penaborough
contrerasvalerie,potterjason@example.com,False,South Melissaville
tdavis,orrmatthew@example.org,True,Stephenchester
brittanylawrence,johnmurphy@example.org,False,Torresstad
jamie53,juanwhite@example.com,False,Leahmouth
carnold,schroederscott@example.com,True,East Nicholas
scott70,katherinealvarado@example.org,False,South Williamview
lawrenceomar,olsonsusan@example.net,True,Whitestad
mendozaadam,timothy13@example.com,False,Thomasmouth
hramirez,mcclainstacey@example.com,False,East Erin
lisapatton,robertmendez@example.com,True,West Josephfort
butlerrichard,wschaefer@example.org,False,Kaylaburgh
davidhughes,olivia15@example.org,True,Hansenborough
fisheramber,sgarcia@example.com,True,Leslieside
ychan,kjohnson@example.com,False,Steventown
dunnbrianna,lsmith@example.net,True,South Barbarafort
johnphillips,hunter79@example.com,False,Paulfort
natashasmith,rachelfleming@example.net,False,New Kendraburgh
tforbes,savannah60@example.com,True,Michaelland
leonshawn,megan41@example.net,True,East Johnbury
snyderruth,hernandezjames@example.net,False,Kevinshire
chelseacarney,lauriejohnson@example.org,False,Staceyberg
dsmith,edwardcarroll@example.com,True,New Davidhaven
anthonybaker,john71@example.com,False,East Caitlin
cblack,anthony78@example.net,False,Melissaside
jtucker,jacksonnichole@example.net,True,Gregoryfurt
curtisjohn,andrew05@example.com,False,Lake Kim
psmith,amy50@example.net,False,Lake Angelaburgh
kward,vkhan@example.net,False,South Brenda
rwilliams,douglas88@example.net,True,Emilyport
iwhite,toddmiller@example.org,False,Rossmouth
aflores,jessica86@example.com,False,Seanburgh
pamela38,sanchezwendy@example.net,False,West Sabrina
lgarcia,emilylopez@example.com,True,East Robertbury
rodriguezrachel,shughes@example.com,False,Port Courtney
paguilar,elizabethmartin@example.net,False,Chapmantown
cedwards,mcmahonjennifer@example.com,False,Keithborough
davidarias,jordanashley@example.net,True,East Tracie
aguilarcorey,jacquelinewilson@example.net,True,Port Aaron
walkerrichard,johnsonricky@example.net,False,North Mark
leetiffany,hintonjeffrey@example.com,False,Port Lynn
jhutchinson,joylong@example.org,True,Sarahberg
pgraham,chelsea59@example.com,False,New Raymond
johnsonjames,gilbertalexa@example.net,True,Johnborough
stephanievargas,allenangela@example.net,False,West James
martin34,vwoods@example.org,True,East Brian
omar62,nrodriguez@example.net,True,New Toddborough
howelljessica,gordontheresa@example.net,False,East Lisa
elizabeth12,michellefisher@example.org,False,North Kara
lisawise,clarkmichael@example.org,True,Harrisshire
ifitzpatrick,tpoole@example.net,True,Tuckerside
jonessophia,dtownsend@example.net,True,South Kathryn
larsoncheryl,shelby89@example.com,False,Coleport
stephen44,thomas46@example.net,False,Williamshaven
lwiggins,manningpaul@example.org,False,Lake Deborahshire
susanperez,hshields@example.com,True,North Jonathan
shannon48,haneykyle@example.com,True,Aprilburgh
pottskelly,kristen41@example.org,False,North Tammy
taylor443,jeffrey90@example.net,True,Stephanieshire
ctaylor,jgaines@example.com,True,New Suzannemouth
ystewart,bryceshaw@example.com,True,Matthewtown
anitamontgomery,tammy30@example.org,True,Reidview
erik50,carriemoore@example.com,False,Lake Brian
festrada,misty98@example.net,True,New Scott
orodriguez,emaxwell@example.net,True,Josefurt
nfriedman,justinstrong@example.net,True,Mendezhaven
phill,kpace@example.org,False,Kennethton
daniel09,jennifer97@example.com,False,Jameston
caitlin27,hjones@example.net,True,West Taramouth
housesusan,carlsonangela@example.org,True,East Elizabethhaven
vgeorge,gutierrezpaul@example.com,False,Dianafort
richardnguyen,robert22@example.net,True,East Barbarafort
lewiscarlos,zpierce@example.org,True,East Justinborough
joe29,angela20@example.org,True,Lake Nicholas
lcampbell,mbailey@example.net,False,Weberfurt
michaeldeleon,xwoods@example.com,True,Petersenburgh
williamsmatthew,castillomatthew@example.com,True,Victoriaburgh
cookeapril,christianwalker@example.com,False,Rodriguezfort
michael61,jennifer24@example.com,False,Wyattview
aoliver,hayleymontoya@example.com,True,Wileyview
vshelton,mannkevin@example.net,False,North Shawn
beckbrittany,kgonzales@example.com,True,New William
crawfordann,qfrancis@example.net,True,West Philip
jacobharper,michael98@example.org,False,Cookbury
ronald13,amckee@example.com,True,Port Ashleyport
wrightvictoria,zconrad@example.com,False,Lisamouth
jennifer00,katie28@example.net,True,East Nathan
mvasquez,tracysandoval@example.com,False,Armstrongland
jessicawilliams,jkim@example.net,True,Ericashire
jeanette69,sethnunez@example.org,True,Cooperberg
fisherchase,millerangela@example.com,False,Port Christopher
ycervantes,griggs@example.net,True,Smithshire
andre45,andrewsjessica@example.org,True,Jamesshire
glennpearson,bensontyler@example.net,True,Lake Christopherberg
hawkinsmark,colleen97@example.net,True,South Debraland
lfuller,monica99@example.com,True,Lake John
anthonytravis,heidiflores@example.net,True,Janetville
jessicahubbard,adalton@example.org,False,Rodriguezhaven
unelson,christina24@example.com,True,Joelfurt
ilopez,stacyking@example.com,True,Allenport
goldenjohn,james60@example.net,False,Whiteshire
grodriguez,coxbrandi@example.com,True,Port Melissashire
pwright,jackie71@example.net,True,North Brettland
zachary55,zmorton@example.com,True,Carterton
bobbygarner,ahill@example.org,False,Warnerville
barry89,haroldhenry@example.net,True,New Jamiehaven
daniel33,charlessutton@example.org,False,Lake Johnmouth
joshua76,basssusan@example.net,True,Morgantown
ffrancis,kariaguirre@example.com,True,Gregorymouth
murphyvalerie,angelasexton@example.org,True,New Tracey
sarahhayes,rjohnson@example.org,False,South Davidstad
ramirezmichael,erikcharles@example.org,False,North Katherine
rhayden,donnaguzman@example.net,False,South Moniqueville
priceeric,cynthiahendricks@example.org,True,Jonesmouth
sethmccullough,zachary98@example.org,True,East Christine
weavercarly,btaylor@example.net,True,Victorport
tylercombs,pday@example.org,False,Evansmouth
crice,matthew01@example.com,True,Lake Nathaniel
trevorholder,laurenayala@example.net,False,Ericafurt
frankrodriguez,nealjamie@example.com,False,Port Christian
gregorymccarthy,icamacho@example.net,True,East Shannonmouth
johnsonsteven,dthornton@example.com,True,Knappview
derekford,castillolisa@example.org,False,Katherineborough
bramos,sean88@example.net,True,East Christinechester
krichardson,millerjonathan@example.net,True,Port Frederickfort
baxterdonna,jonathanhubbard@example.org,False,Patrickfurt
barbara46,andreashaw@example.org,True,Baileyland
brewerjamie,chungstephanie@example.net,True,New Franciscoburgh
jessica89,hchen@example.org,False,Lake Davidton
jeremyreed,gkent@example.com,True,Erikhaven
wardbrian,michael55@example.com,True,New Jamesborough
harry35,michael71@example.org,False,Lake Heatherhaven
robert06,oneillmichael@example.com,True,Dillonshire
morrissusan,aprilgiles@example.net,False,Lopezberg
christopher34,orice@example.com,True,West Josephview
hatfieldkelsey,kyle77@example.net,False,Port Tara
heatherperez,james43@example.org,False,Yatesbury
smithalexis,rbarr@example.com,True,North Tiffanyborough
taylor76,brewermeghan@example.com,True,South Christian
josephobrien,schmidtronald@example.com,True,Martinport
mbennett,yeseniaalvarez@example.com,True,West Renee
sherry98,stephaniejoyce@example.org,True,West Abigail
murphygerald,kadams@example.org,False,West Paigemouth
kwright,christinarobinson@example.net,False,Mariashire
rileystrong,susan55@example.com,True,Lake Larry
jgray,kevin90@example.org,True,Laurenmouth
richardhebert,ricky58@example.org,False,Lake Scottfurt
sarahlivingston,kaneandrea@example.com,True,Maryland
gbrown,alexander41@example.com,True,Geraldshire
tallen,carlwright@example.org,True,Santanamouth
smithjeremy,anthonylewis@example.net,False,East Ryan
njackson,mdorsey@example.net,False,South Paul
ashleymendez,bmcmillan@example.org,True,Lake Nancy
lcox,garmstrong@example.org,True,Port Terri
brownmarie,thompsonjeffrey@example.com,False,Tonyaport
thomasjonathan,pdavid@example.com,True,North Sarah
bensonkelly,reyesjimmy@example.com,True,Johnsonmouth
davidroberts,paultaylor@example.com,True,Samanthaville
amanda45,shill@example.net,True,Port Peter
thomasharmon,melissa50@example.com,False,New Aaron
bbrown,stephaniemitchell@example.org,True,South Christopherberg
jameshill,krystal32@example.net,True,New Josephville
wrussell,jeanne49@example.org,True,Donaldchester
pattersontimothy,laurakennedy@example.com,True,Cookstad
hannahlawson,susan40@example.net,True,South Reginaldbury
nortonveronica,benjamindavis@example.org,False,Kaylafort
morganmark,jacksonderek@example.net,False,Elizabethview
lonniedavis,alicia48@example.net,True,Garciachester
cantrelltony,francisjames@example.net,False,Lake Danielle
cobbchristine,xyoung@example.com,False,Veronicachester
taylorjason,brandon51@example.net,False,Boonefort
shannon22,richard31@example.com,True,South Jillshire
tiffany48,katherinemarshall@example.com,True,Lake Stacy
annemeyer,jacobsonalicia@example.com,False,West Seth
lross,millsbradley@example.org,False,South Mitchell
johnnygonzalez,zshields@example.net,True,Spearsfurt
rnoble,garciarobert@example.org,False,Port Jonathan
tracysweeney,rojaspeter@example.net,True,South Marcia
espinozachristopher,stephanie42@example.org,False,Cruzstad
vgreen,williamalvarez@example.net,False,Vangtown
ashley19,ebeck@example.org,True,South Tiffany
yfields,dnewman@example.org,True,Anthonyland
pchavez,annaprince@example.net,True,Lake Danafort
christinaskinner,zlopez@example.com,True,Lake Shane
iriley,brittanyhall@example.net,False,Katrinashire
ktaylor,richard72@example.org,True,Thomashaven
yweiss,castillostephanie@example.org,True,Timothyshire
christophercline,clarkcalvin@example.net,False,Reidtown
tayloralexander,brownrussell@example.com,True,North Angela
henryjeffrey,charlesgonzalez@example.org,False,Sanchezport
eyoung,ykramer@example.net,False,Lake Andrewhaven
moraashley,christopherherring@example.com,True,Natalieside
zcastillo,vbecker@example.org,True,Ramirezmouth
lalexander,rsanders@example.org,False,Bridgesview
dunlapanna,jjacobs@example.org,False,North Gailburgh
hunterfelicia,stephaniecarrillo@example.net,True,West Victorport
haydendickson,jorgecastro@example.net,True,Sosabury
brockrobert,scottbowen@example.com,True,East Kevinmouth
fhernandez,michelle38@example.com,True,North Travisfurt
riosjulie,jeffrey98@example.net,True,New Russell
mikehunt,james98@example.org,True,New Taylorborough
loweconnor,michealwatkins@example.net,True,Muellerhaven
smanning,hscott@example.org,True,Kellymouth
xgarcia,grantemily@example.net,False,Lake Jeremy
brianbenitez,garciajoshua@example.org,True,Christopherstad
johnsalazar,brandon67@example.org,False,Lake Davidtown
timothy66,quinnlinda@example.net,True,Turnerfort
tylerburns,jennifer88@example.org,True,Port Mariahaven
john88,qbrock@example.com,True,Laurenfurt
bill91,jessicajackson@example.com,True,Beanton
gstuart,alexanderbarnes@example.net,False,East Lauren
jordanbrian9,mccoydavid@example.com,True,Lake Wendy
grimesadam,wpowell@example.com,True,Port Aaronport
ellisseth,nathan38@example.org,True,Hernandezborough
melvin96,otaylor@example.org,False,North Charlesbury
powersconnie,brendaknight@example.net,True,Port Kelly
karenmendoza,michele54@example.net,False,Banksmouth
jonesvincent,websternicholas@example.net,True,Denisemouth
vincent71,thomaslaura@example.com,True,Sabrinastad
timothygreen,ortizmichael@example.org,False,New Calvin
terri85,williamwalker@example.com,False,North Josephfurt
henryramos,ringram@example.org,False,Lake Douglas
jeremyblack,jasminegonzales@example.net,False,Jackhaven
gjones,andrewsbrandon@example.com,False,Aprilborough
reginamiller0,crosales@example.com,True,South Ian
fhuff,vwhitaker@example.com,False,Joshuatown
kirstenguerra,qallen@example.com,False,New Jamie
andrea10,agreen@example.com,True,Annhaven
amays,mitchellelizabeth@example.com,True,Martinezside
davisanna,matthewhernandez@example.org,False,South Matthew
barronjason,bradleydennis@example.net,False,Grahamton
mcphersonbrandon,kylewilliams@example.com,True,West Shawn
mccluretyler,christinahumphrey@example.com,False,New Linda
oscott,cmckinney@example.org,True,New Andrew
kmarshall,lopezlaurie@example.com,False,Port Susanburgh
knightarthur,uwoodward@example.net,False,West Andrea
meghan01,rileysara@example.org,True,New Johnstad
kelly48,uhamilton@example.org,False,Kirbyside
julia10,stephaniewebb@example.com,False,Morrisview
oharrington,robert65@example.com,True,West Sean
shannonjohnson,briannaramirez@example.com,False,East Karenmouth
rogerwhite,keithlloyd@example.org,False,Port David
daviddelgado,jessicajohnson@example.org,True,New Christina
qjuarez,ethan50@example.org,False,West Sandraview
andrewross,jo46@example.org,False,New Taramouth
patrickthomas,zsnow@example.com,False,Lake Donald
glopez,robertoliver@example.com,False,Brooksside
allison76,wrightamy@example.org,False,Davisport
charlescarla,tiffany56@example.org,True,East James
reynoldsshelly,kristenwarren@example.com,True,West Shawna
lflores,joshua73@example.org,False,Rebeccaland
sarah33,christinaacosta@example.org,True,Gabrielleburgh
howardheath,kruegererik@example.net,True,Turnerview
nichole93,butlerkerry@example.org,False,New Brandon
parker32,williamsonmichelle@example.net,False,Lake Jamie
carolynandrews,mistysmith@example.net,True,New Sarah
ricardosolis,dhernandez@example.org,False,Lake Rachelfort
james75,cmoore@example.com,True,North Jessicastad
michaeljohnson,baldwinjennifer@example.com,True,New Deanna
jonathan76,pamela79@example.net,True,Lake Sabrinaburgh
oliviafernandez,jackiedavenport@example.net,False,South Angela
brian13,adavis@example.org,False,East Vincentmouth
barnesnicholas,rebecca50@example.com,True,South Guy
dsingleton,eboyd@example.com,True,South Laura
zadams,scook@example.org,False,Reedview
jmcdowell,bbarnes@example.net,False,Phyllisburgh
jeremy48,sabrinalang@example.net,False,South Suzanneview
danielmcdonald,benjamin71@example.com,False,Lake Joshuaside
nicolesnyder,anita21@example.org,True,North Emilyport
rsmith,oreed@example.org,False,Pattersonton
xsandoval,ocarpenter@example.org,True,Port Lynnburgh
wcampbell,choward@example.com,False,Williamsbury
andrewruiz,sonyariggs@example.net,False,Lake Dustin
ypena,justinharris@example.org,False,Bryantfurt
qkelley,cpeterson@example.org,False,New Samantha
tayloryoung,kimberlyallen@example.net,False,South Ashley
qhutchinson,sydneygibson@example.org,False,South Andresstad
garymassey,garrisongina@example.org,True,Hannahton
martinezjessica,buckleydonna@example.org,True,Robinsonmouth
hrichardson,gordonamber@example.net,False,Brettville
jessica00,jon26@example.com,False,Mcgeebury
nwatkins,youngmonica@example.org,False,East Amanda
aray,montoyajose@example.org,True,Cruzchester
vtucker,blankenshipmichelle@example.com,False,Jamesbury
michael60,ericmccoy@example.com,True,Helenhaven
ybanks,davidfuller@example.net,False,Lake Patrickhaven
kimberlylewis,davidgallegos@example.net,True,Roblesfurt
angelataylor,ramirezchristina@example.org,True,South Karen
kirk27,joesanchez@example.com,True,Colonport
derrick15,jfitzgerald@example.org,False,Lake Erinburgh
martinezcody,charlesjohnson@example.net,True,Hamiltonland
alicialewis,twhite@example.net,True,Lake Roy
allentoni,susansnyder@example.com,True,South Joshua
vwebb,williamskeith@example.org,True,South Mary
toni17,mackvirginia@example.org,True,Lake Kevinshire
moraleschristian,bdixon@example.net,False,Peterfurt
sullivanchristopher,lisa89@example.net,True,New April
abigailbanks,jennifercooper@example.com,True,East Monique
james44,gina32@example.org,False,North Lauramouth
farleytina,raymond93@example.net,False,West Mark
blackerica,bbraun@example.com,True,West Lauraville
ckramer,riveralauren@example.org,True,North Johnborough
xwilson,mcdanieldiana@example.com,True,East Angelica
wallacebradley,lovetrevor@example.net,False,Bellland
carrabigail,pacosta@example.net,False,Shawnstad
jdavis,oyu@example.net,True,Rebeccahaven
palmermarie,joshuagreen@example.net,False,Patelhaven
twoods,zavalajoel@example.net,True,Frostfort
cody07,robinsonnathaniel@example.net,False,Morenomouth
christian69,owensbrian@example.net,False,Mallorystad
connor83,shanestone@example.net,False,South Krististad
taylormassey,mking@example.com,False,Veronicaland
gonzalezaaron,catherinebest@example.org,False,Stonefort
nelsondarryl,hawkinsjennifer@example.net,True,Lake Isaac
jacksonerica,marvin03@example.org,False,West Alexanderbury
markjames,mathewsingh@example.org,False,East Alan
williamsmike,carla43@example.com,False,Sergiostad
daniellevang,derekpope@example.org,True,Lake Robert
bayers,lfreeman@example.net,True,Craigmouth
pcarney,jamescoleman@example.com,True,Lake Tammyton
pobrien,johnbrown@example.com,True,Carterside
richard33,jonesjennifer@example.net,False,Moonchester
qlewis,jeremyschneider@example.net,False,South Heatherfort
wmartin,iwatkins@example.net,False,Hendersonmouth
mike86,kelsey32@example.com,True,West Aprilshire
patrickrhodes,annabrown@example.org,False,Brandonland
james83,miguelryan@example.com,True,East Michael
carlbrown,ppeterson@example.com,True,Lake Gregoryburgh
beckerjennifer,qwhitaker@example.net,True,Williamsbury
reginaldgriffin,xavier21@example.org,False,West Adam
michael77,brooksjoan@example.org,True,Toddmouth
johnsonamy,phillip22@example.com,True,Lake Ryan
mgoodman,ehunter@example.org,False,North Jasmine
sarabruce,jenkinsmichael@example.net,False,North Amy
gentryhunter,margaretwashington@example.net,True,Mooreburgh
rosstina,nmiller@example.net,False,Greenborough
christinarandolph,kevin89@example.org,False,Port Rebeccaton
shannon65,waterskatrina@example.com,False,Lake Donna
paul88,susan09@example.com,False,East Kendra
englishalex,richard96@example.net,True,Port Tonya
joanna26,jacqueline59@example.com,True,Tonystad
ryanhancock,yolanda55@example.org,True,New Amyside
yingram,ramirezdavid@example.com,True,New Douglastown
lauralandry,sherylmartinez@example.net,True,New Joshua
cameron61,jeffrey09@example.org,False,Simpsonhaven
kevinrodriguez,ulewis@example.org,False,West Ronald
jonesmaria,jeffreyharvey@example.org,False,Russellchester
mdonovan,jeffersonbilly@example.org,False,Aaronshire
clarktyler,gary69@example.org,False,North James
keithhinton,daniel47@example.net,True,Mayoview
smithkristie,garrettjay@example.org,True,Frazierside
bucksarah,douglasgriffin@example.org,False,Lake Sharon
katrina02,samantha86@example.org,True,Gregoryland
fbrown,bsalinas@example.com,True,Port Triciaberg
zmiranda,cameron78@example.com,True,Lucashaven
goodmanjoseph,williamsjessica@example.org,False,Andrewport
benderdiane,williamolsen@example.net,False,North Jessica
lorimccoy,murphyterrance@example.org,True,Port Maria
nicolegilbert,whitehenry@example.com,True,West Matthewtown
stevensalex,sescobar@example.org,False,Millermouth
theresa99,dmckinney@example.com,False,West Rebecca
herrerarachel,medinamatthew@example.org,True,North Kimberlyburgh
sandersalexandra,michael40@example.org,True,Bonnieborough
christopher25,russell62@example.org,False,Port Hailey
mcgrathlinda,millercheryl@example.net,True,South Stephaniehaven
icunningham,phillipbowman@example.com,False,East Joshua
johnsonsheila,karen50@example.net,False,Kimberlyside
timothy37,perezcharles@example.net,False,North Briannaville
gilbert86,bradley07@example.net,False,Port Brian
fcarter,brian08@example.org,False,Tarafort
gregory85,christophermaxwell@example.org,False,Harmonhaven
zbyrd0,joshua35@example.org,False,Paulside
john89,shannon78@example.org,False,Braunmouth
nancy97,antonio11@example.org,False,Lake Michelleborough
curtismargaret,bcrawford@example.com,False,East Tiffanystad
daniellewolf,melissa67@example.com,True,Debrahaven
ksteele,samantha47@example.net,True,Donnaland
csmall,taylorjennings@example.net,False,East Jeanburgh
chloe66,ronnie27@example.net,True,West Timview
ryanbrown,jaredjones@example.net,False,South Noah
williamstheresa,dsantos@example.org,True,New Christophershire
uwong,nancy25@example.org,False,South Mary
jacqueline80,amygriffin@example.net,True,Isaacshire
michellebarnes,jason71@example.com,False,Stephaniemouth
contrerasnathaniel,james90@example.org,False,Martinezstad
burkerobert,lorisalazar@example.net,False,Philipberg
jenna84,jlynch@example.org,False,East Gregory
wrogers,perezkimberly@example.net,False,East Lisa
millerjohn,cassandra51@example.com,True,Port Denise
terryfloyd,justin30@example.org,True,Johnsonhaven
greg16,stevensbrett@example.net,False,Leeport
jeffrey53,kelly14@example.org,True,Kristinatown
jamesstafford,ericfrank@example.org,True,South Bethany
nicholassmith,hholmes@example.org,True,North Elaine
rodriguezvictoria,kenneth24@example.net,True,Catherineburgh
amandachapman,darrell64@example.net,False,East Jasontown
ballkimberly,priceapril@example.net,False,South Bryanmouth
julie32,ginacarter@example.org,True,Ricardoburgh
amandavalencia,michelletorres@example.org,True,North Lindashire
fdillon,morgan30@example.com,True,Gailland
wilsonjason,bennettjerry@example.org,False,South Anna
casemichael,veronica67@example.net,True,Lopezshire
roberto59,james79@example.com,True,Griffinborough
simpsonjessica,smithanthony@example.org,False,East Emilybury
taylorjames,allenpamela@example.com,False,Port Joan
andersoncharles,veronica24@example.com,True,Donaldburgh
rubiosamantha,jarvisann@example.com,False,South Mary
james12,elizabeth77@example.com,False,Alexandrafort
avilajo,michaeljohnson@example.net,True,Saunderston
bryan09,garrettparker@example.com,False,Port Logan
vbird,lindseyjohnson@example.org,False,West Matthew
janderson,tterry@example.net,True,Jeremyfort
paulallen,cfuentes@example.com,False,West Shelley
christinagarza,carlosarias@example.com,False,Georgechester
alvarezcharles,carsondarlene@example.net,False,Lake Melissatown
escott,francesbrooks@example.com,False,Lake Joshua
frankbass,rachel50@example.org,False,North Tracymouth
christineanderson,kelseyrusso@example.org,True,Hannahview
zwheeler,wrightnancy@example.com,True,New Samuelberg
crystal65,andrewbrown@example.org,False,South Keith
baileythomas,zmunoz@example.net,True,Pamelachester
sharmon,williamsjamie@example.org,False,North Alexandriaport
patriciaflores,ericrhodes@example.net,False,East Caroltown
jenniferwarren,larachristina@example.net,True,Port Susan
rodney08,baileygregory@example.net,False,Annshire
brandon05,carla61@example.org,False,South Marie
greenerichard,nataliemeyer@example.net,False,Evansshire
michael87,sandramendoza@example.org,True,Lake Alexandershire
taylormichael,aprilpittman@example.net,False,West Juanview
andrew08,rmurillo@example.org,False,Smithburgh
nicholas17,hbrown@example.org,False,North Elizabeth
ashleydiaz1,kimberly58@example.net,True,Billyport
andrewdaugherty,michael95@example.com,True,Padillamouth
bryanlopez,rcox@example.com,False,Williamsland
christy13,sarah63@example.net,False,Ronaldside
racheljenkins,jacobbarber@example.com,False,West John
patrick210,jessicabarnes@example.com,True,Port Staceyville
popeheidi,bmitchell@example.com,True,North Tinastad
lindaenglish,qbowers@example.com,False,East Devinborough
garrettmegan,roblesmichelle@example.net,False,Amandaport
yolandascott,lyncherica@example.com,False,Taylorborough
fperry,ipowell@example.net,False,West Stanley
rlandry,judy42@example.net,False,Mendezborough
amy64,xwoods@example.com,True,Port Travis
estephens,shelbywhitney@example.org,False,East Crystal
smithangela,nwells@example.net,True,Whiteheadtown
marshalldoris,krista66@example.org,True,Nixonbury
martinezscott,chavezjill@example.org,True,New Karlfort
jennifer80,zrobinson@example.com,False,South Jennifer
jon57,parkermaria@example.com,True,Nicolefort
williamskenneth,sarahthomas@example.com,False,West Alexandraberg
qkim,tiffany66@example.org,True,Markmouth
kdickerson,donaldjordan@example.org,False,Michaelhaven
george25,jennifermartin@example.net,False,East Jenniferberg
ethancastillo,candaceodom@example.com,False,Port Richardborough
amy07,trevinogregory@example.org,True,Brendaview
suttonpamela,douglaswilson@example.com,True,Chaseview
stephanie37,sara36@example.com,False,Raventown
zfisher,jeffrey12@example.net,True,Courtneyberg
joshuaholden,erinfuller@example.net,False,North Sharon
shannon27,phood@example.net,True,Lake Shane
peterdavis,greenvincent@example.org,True,Matthewtown
halejohn,salexander@example.org,True,Lake Toddberg
leblanckathryn,ryangreene@example.com,True,Brandiburgh
aguilarrebecca,miguel54@example.org,True,Gainesmouth
martinezbeth,nealluke@example.com,True,Townsendbury
privera,veronicaweaver@example.com,False,Nancychester
herbert32,robert74@example.org,False,Shermanburgh
rachel39,rachelhorn@example.net,True,Wheelerport
catherinehampton,josephcarter@example.net,False,Smithhaven
ramirezmckenzie,douglaswatson@example.com,True,North Angela
justinwhitehead,okelly@example.com,True,Chambersfort
dadams,jessica72@example.com,True,South Anaberg
lisawood,smithscott@example.net,False,East Timothyborough
uthomas,gthompson@example.org,False,South Lauraland
johnmoore,cbarron@example.com,False,North Michael
patrickjason,zvincent@example.com,False,Christineview
robertsonchristine,ryan18@example.org,True,East Kelly
gleonard,christina43@example.com,False,Cindychester
timothybrown,stevenstanley@example.net,True,Nathanport
gsimon,maryjohnson@example.com,True,South Michelle
dickersonjason,stevenssabrina@example.net,False,Port Justin
mevans,pamelachavez@example.org,True,Jamesfort
yjones,jonesjames@example.org,True,Lake Cheyenneland
hvargas,ashley09@example.com,False,Lefort
dawn67,cball@example.com,True,Port Stephanie
kempjoy,perezralph@example.org,True,West Julieside
michael93,amy45@example.org,True,Port Daniel
cbrooks,davidjordan@example.com,True,West Michael
keith44,judith13@example.org,True,West Jessica
morriscrystal,james45@example.org,False,North Jamesshire
david68,tracy91@example.net,False,Camposfurt
lisa32,william20@example.com,True,Wardborough
rryan,burkeshannon@example.com,True,Osbornechester
ryanreeves,emunoz@example.org,True,New Jasonview
meganmolina,hayestracey@example.org,True,New Amberport
ifoster,ksmith@example.net,True,Nicholasville
christopher33,atkinsdaniel@example.net,False,East Kelseyton
ashleydavis,lindathompson@example.org,False,Kevinfurt
blacktimothy,inewman@example.net,True,Beanshire
rebecca02,michael58@example.com,True,Diazport
carmenross,valenciaebony@example.com,True,Rodriguezland
michaellee,nguyenjason@example.com,True,North Dennis
suzanneday,zlong@example.com,True,Tinatown
gillmelissa,randerson@example.org,False,Nicholasland
calhounhannah,jason72@example.com,False,Westborough
brendacurtis,ambersmith@example.com,True,New Alicia
nhamilton,denise51@example.net,False,Waltersland
johnmejia,ksummers@example.net,False,Sandrabury
jacksonrichard,sscott@example.net,True,West Kevin
andreabuck,bryan24@example.org,False,North Anaville
jameschristy,mark11@example.org,True,East Jonathan
cwright,alexisbradley@example.org,True,South Brooke
wanda05,steven11@example.org,True,Seanfurt
sanchezandrew,vstrong@example.com,True,Sellersville
lsandoval,urodriguez@example.org,True,West Jennifermouth
nwilcox,rsantiago@example.org,False,East Benjamin
miguelparsons,martinwayne@example.com,True,Cortezside
joseph92,travis19@example.com,False,North Michaelside
willisnicole,fostertiffany@example.com,True,Rebeccaland
hughesandrea,lfrederick@example.com,False,Lake Kathleen
allenhernandez,geraldsmith@example.net,True,Michaelstad
qellis,sarah86@example.com,False,Port Samanthastad
stephaniewhite,hallmary@example.org,False,Port Tanya
sball,sweeneymatthew@example.net,False,East Jacobborough
jgross,millerangela@example.com,False,Smithtown
njohnson,brian53@example.net,False,North Brendaport
utyler,hardybenjamin@example.com,True,Walterfort
taustin,hodgeskurt@example.com,False,Kirstenmouth
nuneztracy,michaelgeorge@example.org,True,New Joanna
joshua88,fjohnson@example.net,True,Ginaport
sanchezemily,mlee@example.org,False,New James
ucampos,brownkimberly@example.net,False,North Kiaraton
kcoleman,usherman@example.net,True,Port Gabriel
iward,brownjoseph@example.org,False,Reneeberg
beardrichard,michael29@example.com,False,West Davidville
bradley641,michelleolson@example.org,True,East Tabithaland
harrispaige,julie54@example.com,True,New Nicoleton
lindsay24,gutierrezcathy@example.org,False,North Kristinstad
mrichardson,nicholasdiaz@example.com,True,Gonzalezland
angelamontoya,chansen@example.org,True,Denisefort
barronsydney,davidsalas@example.org,True,Port Monica
isabeljones,cynthianelson@example.org,False,Courtneyton
joshua50,lisa44@example.com,False,West Karen
hawkinskevin,ianharris@example.com,False,Beverlyland
ashleyweiss,robert23@example.net,True,Jenkinsmouth
briana94,monroelauren@example.org,True,Rickbury
justinbailey,ucole@example.net,True,Juanshire
cunninghamchristina,rmorgan@example.net,True,South Gary
raymondmiller,ifleming@example.net,False,South Dorothytown
claudia289,clarkjanet@example.com,False,Williambury
janice52,wesley58@example.net,False,Port Audreyview
christina465,iruiz@example.com,True,Rodriguezside
gregory02,paulstewart@example.net,False,Rachelshire
jake91,rebecca23@example.org,False,Port Jeremy
vwilliams,browntiffany@example.net,True,West Saraborough
sarah46,cjefferson@example.org,False,Nancyborough
adambooth,nicholas82@example.net,False,Montgomeryfort
collinsmatthew,timothy95@example.org,False,Michelleview
moralesdeborah,leslie95@example.org,True,Hendersonport
mayssusan,nicholasstewart@example.com,True,Haroldshire
riossusan,tyler62@example.com,False,Anthonymouth
douglasbarbara,jennifer92@example.net,True,Port Scottborough
summerslawrence4,scarr@example.net,False,Markstad
dominguezyvonne,daniel17@example.org,False,North Christopher
josephford,sullivankristina@example.org,True,North Melissa
dfischer,shenderson@example.org,False,Annetteberg
alison12,briangonzalez@example.com,True,South Jennifermouth
hernandezcathy,rileyjulia@example.net,True,Gutierrezberg
lramos,justindiaz@example.com,False,Davidburgh
ehernandez,josephbrown@example.org,True,East Jessica
usparks,william33@example.org,False,Wrightfurt
devin12,chris11@example.com,True,East Brendafurt
thill,kristinaschwartz@example.com,False,Mariomouth
andrew95,tgross@example.net,False,East Ericaville
juliebaker,danieljackson@example.net,True,North Gary
ivaughan,michael83@example.net,True,North Jonathan
simsadriana,jchapman@example.net,True,Silvashire
christopherdavis,christy00@example.com,True,Morriston
owatson,kevin51@example.org,True,South Alejandra
smorales,osbornebrandon@example.net,False,West Derrickville
morseemily,scott46@example.com,False,Jasonfurt
nnguyen6,jeffrey58@example.com,False,Scotthaven
lcook,bbrown@example.net,True,East Mandy
linda39,scottthomas@example.com,False,Mitchellton
rossjennifer,zwalker@example.org,False,East Stephenchester
julia77,sanchezjacob@example.net,False,New Calvin
garciastephanie,jamiebrown@example.net,True,North Robertoville
huntbrittany,oochoa@example.net,False,Eileenfurt
davisteresa,amyvasquez@example.net,True,Kevinport
laurarios,rachellittle@example.org,False,Hammondside
tiffanymiller,charlesmorales@example.com,True,North Aaron
pdawson,ledwards@example.org,True,Baldwinchester
ckline,brianhines@example.net,True,Bryanstad
ysantiago,tinale@example.org,False,Andreland
fernandezchristian,vharris@example.org,False,South Michelle
tfowler,atorres@example.com,False,North Jim
scott20,bakertonya@example.net,False,Lake Robertville
elizabethmendoza,robbinsalexander@example.net,True,Haroldmouth
walleramber,gwilson@example.org,False,New Lauren
dtorres,mwhite@example.com,False,Port Meganbury
cookphillip,bruce66@example.net,False,Emilyside
elizabethfernandez,nicole71@example.org,False,New Davidside
weeksamber,taylorlinda@example.com,True,Delacruzborough
william42,choivincent@example.net,False,North Peter
carmenmartinez,nathan14@example.org,True,Dunnland
bryanjohns,rebecca91@example.com,False,Millerside
campbellcynthia,rwarren@example.org,True,Williamsland
acantu,thayes@example.org,True,Lake Emily
james22,robertmann@example.org,False,East Sarahshire
corey26,perezangela@example.com,False,South Meganchester
davidmiller,megancook@example.com,False,Moorehaven
amber10,powelljennifer@example.net,False,Hayeschester
smithjohn,elizabeth34@example.org,False,Jacksonfurt
rmason,carrbethany@example.com,True,Davidbury
andresmartinez,cynthia80@example.net,False,Davidborough
alyssabryant,smithrichard@example.org,False,Jenniferberg
lindagomez,kellydebbie@example.com,True,West Juanhaven
yhill,georgecarter@example.com,False,Matthewmouth
ashley62,hendersonshawn@example.net,True,New Lisamouth
cardenastheresa,gardnerjennifer@example.com,True,Margaretberg
barkernatalie,sporter@example.com,False,Port Christine
phillipsjennifer,vwilliams@example.org,False,Lehaven
robertbullock,mitchelltroy@example.net,False,Mooreburgh
lrodgers,mkelley@example.org,True,North Daniellefurt
christopherberg,jenniferbrooks@example.net,False,Lake Davidmouth
brianmclean,jasonkhan@example.net,False,Reginaldmouth
jocelynbenjamin,swright@example.com,True,Vegatown
bensonlindsay,shawchristopher@example.com,False,West Benjaminmouth
ericandrade,andrewrice@example.com,False,North Carrie
grosslisa,harold61@example.com,True,New Jamesfort
ygarcia,lejonathan@example.com,False,West Dianastad
zbrowning,rodriguezdavid@example.net,True,South Maria
rmoore,melissahoward@example.org,True,Lake Kyle
edwardsalexis,margaretjordan@example.net,True,Singletonview
timothy12,thompsonkevin@example.com,True,Kellybury
candace81,matthewortega@example.com,True,Lake Marktown
fowlerjames7,garciakrystal@example.com,True,New Johnburgh
ijones,andrewwilson@example.net,False,Manuelside
anndixon,smithheidi@example.org,False,North Davidton
jordanaustin,cmartinez@example.com,True,Smithmouth
balljulie,trandana@example.net,True,Port Austin
sstone,eric90@example.com,True,Alexandraberg
fwilliams,wcruz@example.org,True,New Latoyaland
halljulie,ericlutz@example.com,True,South Keith
dbridges,amandamendoza@example.com,False,Port John
ariasbrandon,apatrick@example.net,False,Patrickview
sawyerkathryn,jamesmartin@example.org,False,East Brianbury
rvelazquez,alyssa15@example.net,True,East Amanda
acarroll,jonathanromero@example.net,True,West Brianton
pagenathan,kennethbaldwin@example.org,False,New Scottstad
lisa96,jonathanglover@example.com,False,Oliverberg
beasleyjessica,mbailey@example.com,True,South Sabrinastad
rellis,woodardedwin@example.com,True,Perryport
nathancampbell,beltrankim@example.org,True,South Timothy
oconnorrobert,robin14@example.net,True,Daltonborough
ashley50,carrie22@example.net,True,Summerschester
nicholasshannon,steven37@example.net,False,East Grant
harringtonkarl,geraldirwin@example.net,False,Catherineton
nmorgan,xcruz@example.org,False,South Ryanhaven
lgallagher,daisyoneill@example.net,True,Samanthafort
heathertran,peterholmes@example.com,False,Lake Margaretshire
buchanandaniel,mcgeewalter@example.net,False,South Kimberlytown
cameronryan,dustin23@example.net,True,South Thomas
christine72,christinebrooks@example.org,True,Trevormouth
bmitchell,danieldavis@example.net,True,West Heatherton
rachel11,kerri77@example.com,False,East Susan
xsmith,jason48@example.net,False,Lake Amber
scottperry,bbriggs@example.com,True,Pamelatown
kellywilson,debra09@example.net,True,Port Michael
ohendrix,christopher48@example.com,True,Kleinbury
walshwilliam,kyle11@example.com,False,Lake Jasonstad
kellymary,wlee@example.org,False,Tracyfurt
jennifer57,henryannette@example.net,False,Trevorland
fenglish,qwebb@example.org,False,Port Kristin
mccluremark,xgallegos@example.net,True,Lake Jeanneburgh
scottgardner,david50@example.org,True,Kennethville
jennifermedina,jwood@example.org,True,Lisaville
garciatonya,john33@example.com,True,North Erinmouth
shannonchapman,alimichelle@example.net,False,West Timothybury
cdavis,jasonlopez@example.net,True,Christopherfort
laurastevens,fneal@example.org,False,New Samantha
pchung,timothy71@example.net,True,North Julieland
hallmelanie,weissnicholas@example.com,False,Anthonyshire
kflores,lhayden@example.net,True,South Kennethtown
dawn29,gregorymann@example.com,False,Johnland
julie17,burtoncarlos@example.org,True,Ianville
ochristensen,jpierce@example.net,True,Lake William
christopher98,zgarcia@example.com,True,Lake Aaron
mark83,daviscynthia@example.com,False,Lake Robertfurt
bonillashelby,gilespamela@example.net,True,Lake Kimberlyburgh
roy03,xhubbard@example.net,True,Hillbury
jacquelinemora,handerson@example.org,True,New Gabrielburgh
patriciahopkins,matthew59@example.org,True,Gloriamouth
mturner,katie69@example.org,True,West Jessicamouth
leedanielle,rubiochelsea@example.net,True,West Robin
kentjessica,josephgonzales@example.com,True,Port Emilyfort
kaitlyn79,bowersjeffrey@example.org,False,West Beverlychester
clarkapril,freemanshannon@example.org,False,Mooneyhaven
grubio,amy87@example.net,True,Lake Kathrynburgh
adriannelson,joe27@example.org,True,Greeneton
gibsontheresa,coxann@example.com,False,Garyville
kspencer,edward17@example.com,False,East Daniel
andreahatfield,pwoods@example.org,True,Donnashire
rodriguezcharles,jennifer37@example.org,True,Barrettport
chungsydney,gomezmelissa@example.org,False,Haleyview
tabithacollins,cfarley@example.org,False,New Susan
andreashelton,maryatkinson@example.com,True,Port Erinborough
mcdanielgeorge,hutchinsonpaul@example.org,True,South Travis
timothyriley,lisalynch@example.net,False,Bucktown
william97,jill14@example.net,True,New Peterfurt
zacharycarroll,sarahgardner@example.com,True,Zacharymouth
ryan77,dianehamilton@example.org,False,North Donaldhaven
amygarcia,rbutler@example.org,True,Garytown
lgreen,angela17@example.net,True,Lake Thomas
amy17,kevinjones@example.net,False,East Gina
pamela09,brenda73@example.com,False,Lake Jasonstad
anitatate,rojasadam@example.org,True,Murphymouth
ylee,patriciamartin@example.org,True,New Devinberg
bakergavin,jason96@example.org,False,Lawsonmouth
griffithcatherine,greencarrie@example.net,True,Kyleton
robertpatel,igonzales@example.net,True,Nicolemouth
shanelopez,michael84@example.org,True,Hortonfurt
parksemily,kyletorres@example.net,True,Haroldbury
xreyes,adamsphilip@example.org,False,Adambury
laurengallagher,catherine65@example.net,True,Lake James
ashley37,revans@example.org,False,West Brandonshire
ochoalisa,alexandralittle@example.org,False,South Stacyhaven
rosalessandra,raymond63@example.net,False,Karenshire
barbara57,taylorandrea@example.org,True,New Victoriaside
mistybrandt,diane69@example.com,False,Shieldsfort
deniseball,brownnorman@example.org,True,Thompsonborough
kimberly26,mlopez@example.net,True,Belltown
egriffin,orivera@example.net,False,New Benjaminland
samantha39,djones@example.org,True,New Jonathan
wmcdowell,jessicarogers@example.com,False,New Sarah
mgibson,woodkevin@example.org,True,Kellyshire
joannramirez,nicholasphillips@example.net,False,South Ronnie
simmonskatie,elizabeth45@example.org,False,North Guy
lisahawkins,jillianparker@example.org,False,Daltonport
elliottdenise,cindy07@example.com,True,Rubenmouth
welchkevin,james18@example.net,True,Morristown
pwoods,reedsarah@example.org,False,Hallport
olawrence,avilanicholas@example.org,False,Brianview
barrettjacob,zvaughan@example.com,False,Pierceside
matthewheath,asanders@example.net,False,Georgeview
jamesjessica,david37@example.com,True,Hubbardburgh
snowvanessa,stanleysmith@example.com,True,Port Alexishaven
heatheratkins,stephenbailey@example.net,True,North Kimton
johnsonjennifer,mario15@example.org,False,Lake Zacharystad
bgoodman,michaelyoung@example.org,True,Walterview
kristenhall,brian14@example.com,False,South Kevinburgh
hallbrittany,alexislee@example.org,True,Brandonfort
patricia27,benjaminpierce@example.net,False,Lisafurt
paigecraig,ggarcia@example.com,False,Ashleychester
nnewman,ronald98@example.org,True,Ericafort
eli,madison13@example.com,False,Millerberg
oscar91,melissa11@example.com,True,Littleberg
dcarlson,wagnertimothy@example.com,True,New Timothystad
christina15,leondonald@example.net,False,South Krystal
dylanhansen,chad20@example.org,True,Martinbury
vjoseph,mejiarebecca@example.net,False,Williamsbury
hbenton,nicole55@example.net,False,Juarezside
ksmith,donaldmiller@example.org,False,West Christopherbury
danieljohnson,kingtroy@example.net,True,South Marvinberg
liandrew,brandyblanchard@example.com,True,Matthewsport
tturner,wallaceelizabeth@example.net,False,Gonzalezmouth
jacksonmary,jennifer02@example.com,True,New Kelly
iharris,pchavez@example.com,False,Priceland
david81,jenniferhamilton@example.net,True,West James
carlarose,mcphersondebra@example.com,True,West Sandraborough
mblack,tiffany62@example.org,False,New Randallmouth
boyerchristopher,ldean@example.org,False,New Coreyborough
john12,cgarcia@example.org,True,Lake William
hawkinsjulie,markjones@example.net,False,West Steven
urussell,hansonmary@example.com,False,Amberfort
pwilliams,hannah24@example.com,True,Lake Alexischester
gloriaporter8,walkermelvin@example.org,True,Benjaminfort
april26,johnlove@example.com,True,Andrewhaven
michelle38,rhodestravis@example.net,True,Jamesmouth
joshua26,leelatasha@example.com,True,South Bruce
whitejeffrey,michaelsanchez@example.net,False,Stevensfort
clogan,thomasdavid@example.org,True,Annafort
rebeccasnow,moorealexis@example.com,True,North Robert
walshhannah,shelley97@example.com,True,Charlesfurt
kimberlyjimenez,riley17@example.net,True,South Ray
omatthews,jon63@example.net,True,Gonzalesbury
zevans,lynnjennifer@example.net,False,Lake Heather
erinnunez,gary30@example.org,True,South Michelle
benjamin32,tiffany84@example.net,False,New Pamelafurt
johnbecker,danarobinson@example.com,False,Port Donhaven
wyattallen,ihayes@example.com,True,Lake Ronald
foxcraig,charles57@example.org,True,Port Christine
harrellkimberly,jennifer68@example.com,True,New Chad
nguyenbrenda,vasquezjackson@example.com,False,Lake Jamesfort
robertcollins,ohunter@example.com,True,West Jenniferstad
osanchez,juansmith@example.com,False,Port Danielle
cglass,brianwatson@example.org,True,East Beverly
ypeters,jamesmack@example.org,True,Millerhaven
bridgetramos,franklinmorris@example.org,False,Gregorychester
akelly,wigginskristen@example.org,False,Kimberlyfort
laura24,gregorylawson@example.com,False,Robertstad
samantha95,georgemontgomery@example.org,True,Frankborough
torresmichael,rwilliams@example.com,True,Lake Tarahaven
fordzachary,justinandrews@example.com,True,Harrisonmouth
bprice,franciscocampbell@example.net,True,New Rachel
hannahjenkins,xlester@example.com,True,Port Anthonyside
ronald43,jeffstephens@example.com,False,Kramerburgh
uhenderson,hesterashlee@example.net,False,Morenochester
ricky60,bryanstephanie@example.net,False,Morganview
vwatkins,bruce35@example.com,False,Lake Christine
catherinehall,lindseywatkins@example.net,False,New Roberthaven
sara22,megan63@example.com,False,West Tina
brownamy,clairescott@example.org,False,North Tiffany
tracyjones1,margaret75@example.org,False,North Mistybury
vbrown,fieldsaaron@example.net,True,Port Javier
jsullivan,jennifer84@example.net,False,Karenfort
thompsonsamuel,gregory83@example.net,True,Thompsonside
mcclaintravis,sharpclayton@example.com,True,Michellemouth
olsonmichael,thomasrichard@example.net,False,Jenniferburgh
edwardsnyder,msanders@example.com,False,New Stevenland
teresarichardson,levans@example.net,False,Port Sallytown
ashley47,rsaunders@example.net,False,Port Briannaville
sarasalazar,zadams@example.com,True,Porterborough
igonzales,penasarah@example.org,False,Pereztown
stephanieprince,michaelgreen@example.org,True,Brandonchester
richardramirez,qwilson@example.net,False,Brentfurt
reedanna,nicolemedina@example.org,False,Port Drewmouth
wallacesarah,belljames@example.com,False,North Marie
john296,rblack@example.com,False,East Lindsay
kellydixon,wendy53@example.org,False,South Cynthiamouth
nlucas,charlenepalmer@example.net,True,Port Sylvia
jay026,pricedaniel@example.net,True,Lindseyfort
xbuchanan,kelsey46@example.net,False,Lewishaven
sharonscott,drakewilliam@example.org,False,Michaelberg
blane,msanchez@example.org,False,Christensenside
xchang,burnettfrances@example.net,True,East Andrealand
masondebra,vclayton@example.net,True,West Katherine
smithantonio,bryangarcia@example.net,True,Robertborough
adam81,acostavalerie@example.net,False,South William
debrasmith,davisjustin@example.org,True,South Marytown
zachary44,dodsonkaren@example.net,True,Jasminetown
pmartin,kathryn65@example.org,True,Shannontown
jacksonjason,thomascline@example.net,True,Alvaradochester
tamaracarr,tmitchell@example.com,True,West Andrew
millssteven,lauren93@example.com,False,Turnerside
gregoryharding,millervincent@example.com,True,Kendraland
thomas63,jennaowen@example.net,True,South Brianville
gwaller,simmonsdanny@example.net,True,Mcdowellfort
antonioguzman,simmonssamuel@example.net,False,Phamburgh
davidjohnson,jesse35@example.org,False,North Brian
gochoa,robert03@example.com,False,Lake Robert
elizabethjones,nicholas00@example.com,False,Justinland
andrewbowman,rwhitehead@example.com,False,West Jacobmouth
aholmes,jasonhaynes@example.net,False,Bradfordville
clarkwilliam,collinsbrian@example.net,True,Davidton
rlittle,washingtonbobby@example.net,False,East Stevenstad
npalmer,uturner@example.org,False,Fitzpatrickburgh
lmathews,ashley24@example.com,False,South Jennifer
bwhite,townsendbrandy@example.org,True,Tracyshire
scottmorales,jessemorris@example.com,False,North William
qfrank,jonesrachel@example.net,False,Aaronmouth
erinhamilton,brandtdavid@example.org,False,Amberfurt
xsanchez,marcusramirez@example.net,False,Whiteside
tcarr,phogan@example.org,False,Anthonychester
wsmith,kathleen78@example.org,False,New Lauren
karen45,dominiquereed@example.org,False,Lake Paul
mirandaunderwood,cesarmiller@example.org,False,Lake Nancychester
marquezmargaret,jrichardson@example.org,False,Pamelaland
michelleevans7,ulozano@example.net,False,West Scott
cameron66,umason@example.org,True,Nguyenborough
michaelcopeland,meredith87@example.com,False,Richardhaven
waguilar,medinadonald@example.com,False,East Jack
oscarmcclain,stewartshari@example.org,False,Josephfort
kimberly09,leonardpatterson@example.org,False,Danielleview
smithchristopher,elizabethscott@example.net,False,Port Judytown
stephanie26,ashley90@example.net,True,South Michellefurt
kristinamoon,roger75@example.net,True,New Jennifer
dsingh,susanosborne@example.com,True,Brownfort
joneschristine,thomas77@example.org,True,Castroburgh
williamyang,graylori@example.com,True,Gilbertland
gmoreno,fordelizabeth@example.org,True,Peterbury
kylebrooks,hcurtis@example.net,True,New Philipchester
ewilliams,cwilson@example.org,False,Codyland
kpeterson,brownpaul@example.org,True,Carlsonfort
jason37,frankheath@example.com,True,Port Kelli
vfarley,mcbridedonna@example.com,True,Brittanymouth
kgilbert,kbrown@example.com,True,East Arthur
ydouglas,carolyn44@example.com,False,North Tara
mary29,cgreen@example.org,True,Lake Jeff
emcdonald,tanya26@example.com,True,Port Robertshire
manuel21,meaganwebb@example.org,False,Riosside
parkeraaron,davistracey@example.net,False,Port Steve
xbird,gonzalezgabriela@example.org,False,East Shannonview
charles52,ggilmore@example.org,True,Davidport
maria22,brichardson@example.org,True,Lake Samantha
heatherwood,hugheslaura@example.net,False,Garciaburgh
lisa10,douglasmejia@example.com,True,Shirleyfort
megan82,shawn32@example.net,False,East Andrewmouth
rogersmartin,samantha95@example.com,False,Andersonville
christinamartinez,dblack@example.net,False,Lake Nicoleport
deborahray,lisa50@example.org,True,North Veronica
molson,kwallace@example.com,False,Loweryburgh
ajohnson,cherylpowell@example.com,False,South Keith
kathleentaylor,joanna85@example.net,True,South Brittanymouth
rodriguezpatricia,hannahgraham@example.net,True,Jacquelinetown
jamesjared,jonathonjackson@example.com,True,North Bonniebury
juliasmith,jackdaniels@example.org,True,Christophertown
thomasjasmine,lutzmargaret@example.org,False,Port Nancy
zhurley,macdonaldeugene@example.org,False,East Josephtown
melindaadkins,andrewwhite@example.com,True,Rileyland
ronaldjackson,scarter@example.org,False,Port Alisontown
owest,brandi13@example.com,False,North Richardmouth
robin447,oconnormarc@example.com,False,Farmerland
nmatthews,pattersoncassandra@example.com,False,Richardfurt
kgonzalez,ahamilton@example.com,True,Hodgeborough
maryjacobs,michael73@example.com,True,West Rebeccaport
stacey93,rachelmorrow@example.net,True,Martinchester
charlenebennett,kingamy@example.net,False,New Rhondachester
amanda95,martha20@example.org,True,Florestown
robert26,ablack@example.org,False,Martinbury
montoyajacqueline,drakethomas@example.net,True,Joshuaview
benjaminsmith,tanyamiller@example.org,False,Kanemouth
dparks,sherrychristensen@example.org,True,Michellehaven
frazierrachel,mescobar@example.org,True,West Shannon
mckinneymegan,ycastillo@example.org,True,Lake Kevinmouth
rebeccagonzalez,brittney05@example.org,True,Josephport
oliviajohnson,william00@example.org,False,Danielleshire
drodriguez,bakerjoseph@example.org,True,West Morgan
rachel71,jeffreygonzalez@example.org,False,Erinhaven
robertmartinez,yortiz@example.org,True,New Natasha
lisathompson,osbornediana@example.com,True,Jerrymouth
jackielogan,davidmorgan@example.net,True,Michelleton
yking,mollygutierrez@example.org,True,Port Tracey
dale36,tiffany59@example.net,True,West Michael
angelamejia,cory69@example.com,True,Port Yolanda
thomas24,jillmccarthy@example.net,False,Edwardsport
hoffmanmorgan,katrina90@example.net,True,South Shelia
michaellong,benjamincooper@example.net,False,South Danny
jamesswanson,muellerjoseph@example.org,False,Lake Robert
adam70,wilsonlydia@example.net,True,Brittanyview
joshuawyatt,leahhobbs@example.net,True,Lake Valerieport
bharrison,kevin95@example.net,False,Lake Alejandro
mcclainbrittany,smithcatherine@example.com,True,Lake Davidfort
ryoung,frenchjohn@example.com,True,Christopherchester
mlarsen,hgreer@example.net,False,Gregorybury
greenalisha,robert96@example.com,True,Petersview
blackashley,regina16@example.org,False,Markchester
kathyproctor,rpatel@example.org,True,Davidborough
theresaaguilar,christinabowman@example.com,False,New Cindymouth
sfigueroa,lesliedaniel@example.net,True,East Anna
townsendmegan,joseph18@example.com,False,Port Dylan
crystalmoore,amanda34@example.org,False,Stephaniechester
smartinez,vrich@example.net,True,Palmermouth
zwilkins,iray@example.com,True,North Gordonmouth
melissa17,perryrichard@example.org,True,Kirkfort
lindsaydurham,ernestjones@example.org,False,New Teresastad
hrojas,ugregory@example.net,False,New Bryanborough
nathaniel41,carterlucas@example.org,True,Stevenburgh
ortizjerry,fthomas@example.net,True,North Lawrenceberg
djones,ostanley@example.com,True,Lake Justin
sonyacox,patricia75@example.com,True,Turnerfort
jsmith,edward69@example.com,False,Ortegatown
mckeeallison,lmay@example.com,False,New Sonia
david67,masonerica@example.net,False,East Danielmouth
debbiestafford6,hoffmankaitlyn@example.com,False,East Alejandroton
edwardmiller,lcooper@example.net,False,New Derrick
lbrown,mcook@example.org,False,East Christopher
maria91,mckenziejames@example.com,False,East Jameschester
brownandrew,amanda02@example.net,False,Teresaborough
delgadohailey,robertsontammy@example.org,False,South Valerie
garciabrandi,hernandezcolleen@example.com,False,Brittanyberg
nroberts,michele75@example.net,True,North Kaitlynside
sherrianderson,joshua27@example.com,True,Beckton
michael22,heather71@example.net,False,Woodardton
smullen,ssmith@example.org,False,West Stephanietown
phamsydney,anitagriffin@example.com,False,Warebury
petersonadam,fhall@example.com,False,Port Duane
hardyshawn,jose08@example.net,True,Taylorport
allisoncooper,barreradavid@example.org,False,New Nancymouth
kimberly27,pproctor@example.com,True,Warrentown
denise85,johndavis@example.com,False,Brittanyfort
patrickmartin,amy36@example.org,False,East Max
ischneider,nicholasfischer@example.net,False,Beckside
shepherdwilliam,robinsonsean@example.net,True,Martinfurt
coreyhall,tharris@example.org,True,South Louis
brooksaaron,mmartinez@example.org,True,Lake Gregory
jason04,harveyjacob@example.org,False,North Christopher
ywong,tjacobson@example.com,True,Nancyburgh
zsimmons,tracy87@example.net,True,Larrybury
bethstone,phillipsmichelle@example.net,False,Anthonyville
samantha85,ewillis@example.com,False,Hallborough
ronald63,xmay@example.org,True,New Gina
lisa50,garciavalerie@example.org,True,Walkerberg
kevin04,lamryan@example.com,True,North Margaret
wwest,xlucas@example.org,False,Port Garyhaven
zparks,nicole72@example.org,False,East Sergio
meganschmidt,kelly56@example.org,True,West Andrewshire
buchananalice,feliciajackson@example.net,True,Andersonbury
mcintyreapril,andersonchelsea@example.net,True,Michaelport
lwolfe,heather95@example.com,False,North George
fsmith,tanyagoodwin@example.net,False,Crawfordton
dmiller,jonathan52@example.org,False,East Kristineton
brittanydouglas,kswanson@example.org,True,Lake Matthewmouth
hwinters,edward65@example.org,True,New Alexisburgh
jerome27,yvargas@example.net,True,Davidborough
marylee,cmoon@example.net,True,South Samuel
pruittalexander,nicholas82@example.com,True,Port Lisa
robert91,henrychristopher@example.net,True,Tranchester
maria85,jessicaandrade@example.net,False,Oliviamouth
ibarrakatherine,ophelps@example.org,True,West Joseph
davisjeffrey,shicks@example.org,True,Port Markhaven
justinjohnson,owalker@example.com,True,Lanceshire
zacharysmith,jessicascott@example.org,False,Ryanstad
duranjeffrey,justin15@example.com,False,Stevenborough
robertmathis,nicole84@example.org,False,Leonardtown
albertmorris,brian51@example.org,False,East Amymouth
lroberts,davismitchell@example.org,False,Hernandezstad
zjones,scotthenry@example.org,False,Milesview
edwardsrebecca,tfrazier@example.org,True,New Antoniobury
rodriguezmary,april20@example.net,True,Mccartytown
gonzaleztravis,lfleming@example.net,False,Toddberg
cooperrobert,ylove@example.org,False,Calhounmouth
tjohnson,johnbrowning@example.net,False,Shermanborough
geneellis,robertrusso@example.org,False,Walkerburgh
miranda20,dylanpeters@example.com,True,South Anthony
angelaphillips,nathan29@example.net,False,Kimberlymouth
michellelane,underwoodtara@example.com,False,Lake Kristin
timothy33,kennedymelvin@example.com,False,South Annettechester
samantha37,carlsonlouis@example.net,True,Wangborough
lozanocurtis,anitamartinez@example.org,False,Lake Caroline
william52,russell04@example.com,False,West Adrian
dchan,ycastaneda@example.com,False,South Alantown
robert45,kaitlynolson@example.net,True,Beardton
deborah08,john45@example.org,False,Lake Brittanyland
david80,vdominguez@example.net,False,Lake Katherinemouth
ncollier,williamskenneth@example.com,True,Port Mario
mariorodriguez,ohood@example.org,True,Mullinsland
smithalexander,flindsey@example.com,False,Mikeborough
luis58,danielle72@example.org,False,Ashleyfort
gordoncampbell,tracy69@example.com,True,Moorefurt
jamie20,justin94@example.org,False,West Dylan
harrislinda,qbrown@example.com,False,Lake Margaret
kaitlynarnold,frostsylvia@example.org,False,South Pamelaton
zcantu2,rebecca86@example.net,False,South Garyfort
james53,ryanjones@example.org,True,West Isaacbury
donna85,harrishenry@example.net,False,Robertstad
burtonshannon,reillyfrances@example.net,False,Reneestad
bellwilliam1,jthompson@example.net,False,East Robert
joseph74,shelby29@example.net,False,East Elijah
bettyward,rduke@example.com,True,North Madisonfort
melissamcdonald,vballard@example.net,False,Angelastad
shannoncummings,mbenson@example.com,False,Charleston
roy43,uhill@example.com,True,North Christian
asmith,hardingjulie@example.com,True,New Karen
jessica73,schmittshelby@example.net,True,Marquezberg
richardanderson,odomcarlos@example.net,True,Contrerasside
bobbymorris,angel66@example.com,False,West Joseview
freemanerik,vkeller@example.org,True,Randallberg
brandonvelasquez,candice70@example.org,False,Longtown
shaun24,adamparker@example.com,True,East Sandra
robert81,yoderclaire@example.net,False,Jasonchester
jessicaandrews,lynchsarah@example.net,True,Nicholashaven
carlsonedward,joel77@example.org,False,Hicksberg
kruegerdana,lopezjoshua@example.com,False,East Erinside
bherrera,kellysutton@example.org,False,Dicksonhaven
dgonzalez,josephsilva@example.org,True,West Candicefurt
eflores,thomasglenn@example.com,False,Hollyview
hkim,ysalazar@example.net,True,Amandaview
littlelisa,kpratt@example.com,True,Lake Emily
brandon08,hsnow@example.net,True,Mooreland
sanchezmichelle,wardleah@example.org,True,New Rebeccaberg
anthonyball,wburke@example.com,True,South Tiffany
sbryant,james56@example.net,True,Johnnyview
reynoldsconnor,anthony05@example.net,True,Port Michael
villegasjoseph,deborah97@example.com,False,Shelleyside
ramossarah,sherrygonzalez@example.org,False,Mcdonaldport
joshuarussell,johnmurphy@example.net,True,New Eric
jamesmcintosh,jonesvalerie@example.com,False,East Kevin
laceylevine,kristen44@example.org,False,Scottfurt
phillipskaren,fspencer@example.net,True,Lake Emma
paynejames8,anichols@example.org,True,Natalieshire
arice2,cynthiatorres@example.com,True,East Jenniferhaven
kmcbride,justin49@example.com,False,North Monique
laurie72,kristiekennedy@example.net,True,New Samanthafurt
peterortiz,jacobbowman@example.org,False,Colemanfort
ann81,chamberskathleen@example.org,True,South Monica
holmesjohn,johnsonsharon@example.org,True,North Nancyside
lallison,aleonard@example.org,False,New Ericport
murraykimberly,jwilliams@example.com,False,Garciachester
williamvargas,nicole80@example.com,False,Grantland
ralphjennings,laurensmith@example.org,False,Megantown
sarah03,brandonmccoy@example.com,True,Port Jeremymouth
chad32,stantonchad@example.net,False,Jenniferfort
brent92,csimpson@example.net,False,Richardland
ashley53,ryanstephens@example.com,True,West Matthewmouth
gibsonmegan,dennissanders@example.com,True,Chavezmouth
rromero,kclark@example.com,False,Montoyafort
banderson,thomasmckinney@example.org,False,Jennifershire
warrenkeith,heidikoch@example.org,True,East Kellymouth
hernandezrobert,ymcmillan@example.net,False,Edwardtown
glen99,rwu@example.org,True,Seantown
dannyhunter,peterssara@example.org,False,Tammyberg
vhansen,scottmaldonado@example.net,True,South Spencer
david38,bwalker@example.com,True,West William
cartersusan,dawnyang@example.com,True,Courtneychester
mcbridealexandria,whitejessica@example.com,False,Lake Haleyborough
thompsonmonica,kim89@example.net,False,Lesterton
patricksims,nwest@example.com,False,Josephville
tonyalewis,leonard36@example.org,False,West Thomasmouth
todd77,jonesmichelle@example.org,False,Lake Karen
sandersdaniel,kaylabarnes@example.net,False,West Nataliestad
crystal38,nhart@example.org,False,Lake Olivia
yeseniawillis,bradleyklein@example.com,True,North Raymondfurt
carolinescott,whenry@example.org,False,Ortizville
alishahartman,lindseychristy@example.org,True,South Nicholeview
michaelrichard,shawna77@example.org,True,Christophermouth
ashley22,jasonhudson@example.com,True,Branchton
apena,shannon29@example.org,True,Watsonton
patricia78,qmason@example.net,False,Amybury
david26,elizabeth71@example.net,True,Kylieland
marymendez,kelly01@example.net,False,East Jim
jordan34,christina45@example.net,True,Jacksonburgh
jonathanperez,boydcharles@example.com,False,North Angelamouth
jacobalexander,timothyjacobs@example.org,False,South Matthew
kathleenmayer,larryjimenez@example.net,False,Port Crystal
charles85,laura17@example.net,True,New Gregory
brenda78,kmedina@example.net,False,South Jamesfort
kelleykyle,garciarita@example.net,True,Millerport
srobinson,johnleonard@example.net,True,South Jasonton
jillfoster,stevensonmichaela@example.com,True,East Charlesville
meghan29,carolevans@example.com,True,New Aimee
wdeleon,lindseycrystal@example.net,False,Mathewsport
aflowers,sandragreen@example.net,False,Hickshaven
christophertucker,williamsalas@example.org,True,Maryview
pbaker,stuart12@example.org,True,Lake David
kenneth31,alyssa71@example.org,True,Smithshire
kaylasmith,conradamanda@example.com,False,Baxterview
nicole71,carol13@example.org,False,New Vanessa
susan16,nunezmaurice@example.net,False,Juliemouth
forbesmiguel,nicholas16@example.net,False,East Markland
dstevenson,julie88@example.net,False,Port Danielburgh
ralphhunt,jessicapeters@example.org,True,North Kylehaven
jeffreyhebert,tanner03@example.com,False,South Michaelborough
andreapeterson,merrittricardo@example.org,False,Lake Robinmouth
hmeyer,edrake@example.net,True,Sosaport
stevenslawrence,probinson@example.net,True,New Robyn
jacquelinehenderson,bryan84@example.org,False,West Martha
theresathomas,nicholasgonzalez@example.net,True,Rachaelside
gavery,johnjuarez@example.com,False,Contrerasshire
johnsonteresa,santosbrett@example.org,False,Taylorchester
qthomas,amber97@example.net,True,Palmermouth
jwhite,nicholas23@example.com,True,East Michaelfurt
smithmary,mccormickkim@example.com,True,Smithbury
catherine09,adkinslauren@example.net,True,Doughertyhaven
georgeschultz,smithcarl@example.org,False,Brianborough
jrodriguez,emily57@example.org,False,Reyesmouth
thoffman,jeremy10@example.org,False,North Hectorhaven
andersonrobin,vcobb@example.org,False,East Michael
millerkimberly,juarezdylan@example.net,False,Johnland
cathy86,phudson@example.org,True,Nancyhaven
cvelazquez,alberthall@example.org,True,Harveyland
angela32,brian31@example.net,False,Kimberlyport
jennifer89,jlee@example.com,False,East Jeremy
williammacias,arthur08@example.com,False,South Charleshaven
christopherweber,jorgemcdonald@example.net,False,Lake Elijahborough
hoganjacob,samantha85@example.org,True,North Jessicabury
qcastro,ashley58@example.net,False,Michaeltown
kingheidi,claytonwalker@example.org,False,Williamsmouth
scottjennifer9,ajohnson@example.com,True,Port Sandra
katherinegreen,obentley@example.org,True,Wilsonborough
edward41,ledwards@example.com,False,Garrettfort
mwilliams,parkseric@example.com,False,Joseville
burnsmichael,maxwelldeborah@example.com,False,Jessestad
bdavis,newtondavid@example.com,False,Sarahmouth
pgomez,hubbardscott@example.net,False,New Josephport
smallalexandria,andrew23@example.com,False,Scottfurt
ovillegas,albertgarcia@example.org,False,South Stevenmouth
larsenbrian,evelynhicks@example.net,True,East Andreabury
bjones,fcoleman@example.com,False,Lake Sabrinafurt
johnmorgan,gravesallen@example.net,True,Whiteport
bradleyparrish,mcooper@example.org,True,New Aimeeshire
coopernancy,tamaramacdonald@example.net,False,Port Robert
lisagreen,michaelbush@example.org,False,Bishopview
gloriasanders9,jacob94@example.net,True,East Haley
jameshenson,vazquezjulie@example.org,True,Johnsonbury
wwilliams,stephenrush@example.net,False,New Kimberlyport
youngmegan,hicksbrittany@example.net,True,Port Jeff
matthewwiggins,medinamonique@example.org,False,East Andrew
zfritz,woodtracey@example.com,True,East Kaitlynburgh
deborah28,jennifer52@example.org,True,Chungberg
davidblackburn,dustin54@example.com,True,Allisonland
christina65,ramirezbobby@example.com,True,Hinesshire
philliplarson,zdickerson@example.org,True,Charleshaven
rkim,leerichard@example.net,False,Burtonville
phillipscharlene,fgarza@example.net,True,North Haleyton
aaron23,suarezjackson@example.com,False,Jessicaside
rgibson,thomassmith@example.org,False,Carterchester
alopez,pattersonjoshua@example.net,True,Alvarezside
morgan75,berryamanda@example.org,True,Lake Kyle
zayala,matthew94@example.org,False,Hardyshire
zrichards,olivia14@example.com,False,North Tanyafurt
heather75,bjohnson@example.net,True,Medinabury
sarah83,iwalker@example.net,False,Margaretmouth
imartin,jrowe@example.org,False,Port Amy
jbrooks,johnmontgomery@example.com,False,North Kimberly
stevenwood,theresarose@example.org,False,Lake Christy
jenniferburch7,petersonelizabeth@example.org,False,Lake Kimberlyside
grodriguez7,adam58@example.com,True,West Jeremy
keithhayes,rodrigueztyler@example.org,False,New Andrea
woodskimberly,paul38@example.org,False,East Bruceshire
charles50,melissa37@example.com,True,Owensview
davidpark,nunezteresa@example.com,False,North Christopherfurt
richardfreeman,burtonteresa@example.net,False,Shannonstad
christophernelson,victorcarr@example.org,True,East Ronald
judynguyen,rossharry@example.com,False,East Brandonhaven
hodgespatrick,aaron15@example.org,False,Larsenbury
barrkayla,ilittle@example.org,False,Port Garrett
qrandolph,smithkimberly@example.net,True,Lake Ashley
irose,mark47@example.org,True,Lutzmouth
william32,gomezjames@example.net,False,Port Daniel
rebecca10,gregory29@example.com,False,Tinaview
chavezcody,mistymarshall@example.org,True,Elliottfurt
johnalvarado,gibsonanthony@example.org,True,South Katherine
paul14,kanejessica@example.org,True,Lake Kari
ldominguez,hgraham@example.com,True,South Christopherfort
sfoster,brownsandra@example.org,False,North Cherylhaven
williamsstephanie,kathleenlee@example.net,False,Millerton
melodybeck,jocelyn99@example.net,False,Jonathanton
zacharygray,daniel53@example.net,False,Port Maryville
lfisher,cervantesnicole@example.org,False,Stephaniestad
stevengarcia,xdiaz@example.net,True,West Annechester
hallshannon,katherineorozco@example.org,False,North Marc
ischmidt,pughlindsay@example.com,False,Paulashire
ccox,david10@example.org,True,Haynesview
mendezdavid,brentlynch@example.com,False,South Angelashire
vhorton,dawsondeborah@example.net,True,Port Ashley
michellevargas,ysellers@example.org,True,Torrestown
angelpayne,thompsondouglas@example.net,False,Martinezfort
raymondsmith,nicholas63@example.net,False,North Michelle
bwarner,xmoon@example.net,False,Jenniferport
steinomar,masonphilip@example.org,False,Hermanland
nguyentimothy,raykatrina@example.com,True,Mitchellside
morgansteven,mary94@example.com,False,Port Jessica
kwallace,michael72@example.net,True,Bensonbury
stephen65,jennifer04@example.net,True,South Dorothyfort
jwarren,knappdavid@example.net,True,New Theodoretown
zacharymelton,sshepard@example.org,False,Martinezport
michael83,john85@example.net,False,Jensenview
lisakhan,vdavis@example.com,False,Gravesmouth
rmatthews,james78@example.org,False,Smithstad
connororr,cbaker@example.net,True,Ivanmouth
jonathancarr,denisesaunders@example.org,False,South Heather
jasonbrown,phyllis91@example.com,True,Cookmouth
dawnphillips,bakerjordan@example.org,False,Nguyenstad
bryantcarla,davidwood@example.org,True,North Donna
mcguirecandace,laceyperez@example.com,True,Hickmanside
dawn46,ktaylor@example.com,True,Graveston
masondorothy,iwatkins@example.org,False,Lake Elainefurt
johnsoncharles,jgregory@example.net,False,New Raymondland
cooperkimberly,floresmadison@example.org,True,Priceview
alice29,harperjonathan@example.org,False,Danatown
joel60,orice@example.org,True,Wilsonberg
zvelazquez,lewiskatherine@example.com,False,Youngbury
kimstephens,vharper@example.com,True,East Peter
castillokaren,kerrymcconnell@example.org,False,Ericmouth
hendersonnathan,krivera@example.org,False,Lopezmouth
hflynn,garzapatricia@example.com,False,West Josemouth
amy12,jilliangarcia@example.org,True,West Jeremyfort
wlin,watersveronica@example.com,False,Russellmouth
solisleonard,soniagreen@example.com,False,Zacharyland
joshuajones,farleyerica@example.net,False,Lisachester
tayloramanda,marie94@example.com,False,East Marieburgh
andersondeborah,jacobaguirre@example.org,True,Lake Michael
angela07,mark76@example.net,False,Greenbury
broy,emilygeorge@example.org,True,Carneyville
xbaker,ipatel@example.net,True,West Mary
angelalivingston,danielle37@example.net,False,Lake Michaelport
thomas234,bcastro@example.net,True,North Joseport
brianreyes,cnavarro@example.net,False,Mindyton
angelaelliott,nfletcher@example.com,True,Lake Valeriestad
smithnicholas,denisemckee@example.net,False,Port Jasonville
racheljohnson,robert39@example.org,False,New Danielchester
nflowers,greenejennifer@example.org,False,Foxfort
kwilson,hjohnson@example.net,False,Ethanmouth
benjamin15,james58@example.com,False,Wilsonview
hartthomas,jacob32@example.org,False,Mccarthymouth
james30,david31@example.org,False,Port Aprilborough
christinescott,mvazquez@example.com,False,West Judy
yortega,jasmine02@example.org,False,Port Larry
ythompson,mary40@example.com,True,Henryville
chris12,darren94@example.org,True,New Mark
andradechristopher,larry89@example.org,False,South Thomasshire
katherineharrison,lesterbrian@example.net,False,New Scottton
taylorsamantha,davidhoward@example.org,False,Wardmouth
mallen,wharper@example.org,True,Simmonston
thomas62,rachellin@example.net,False,Browningside
robinsondylan,jessicadean@example.net,True,Ryanmouth
johnsonamber,esanchez@example.net,True,New Jessefurt
chris90,mcdowellmegan@example.org,True,Lewisstad
ijohnson,carlahunter@example.org,True,South Samantha
ruth22,justin91@example.com,False,North Steven
petersontaylor,crivera@example.com,False,Port Diana
justinedwards,tnguyen@example.net,True,Lake Deanna
joshuawolf,joseph98@example.org,False,Mannview
victoria91,phenry@example.org,True,North Davidbury
shale,woodlisa@example.com,True,Gregoryborough
chasediana,pallen@example.com,True,South Ashley
connie46,npadilla@example.com,True,North Jessica
laurenparrish,ortizchris@example.com,False,Joshuaborough
michele43,faustin@example.org,False,Coxborough
nixonjacob,stevenneal@example.org,True,Sherritown
amandahunt,mcleanhailey@example.org,True,Marcusborough
peggyjohnson,kochwhitney@example.net,False,Lake Aaronfort
nicole59,jenkinscharles@example.com,True,West Jasmine
egardner,millermichael@example.com,False,Colemanburgh
rebeccaramos,jennifer78@example.net,False,North Karaland
heidi53,glenn24@example.org,True,North Jeremyshire
jenkinslindsey,bobby94@example.com,True,Johnsontown
connor24,baileyperry@example.org,True,Cartertown
diana94,coryadams@example.org,False,Bakerside
ashleyhoffman,bryansmith@example.net,False,West Priscilla
fordcourtney,chase73@example.org,True,Patrickview
charlestaylor,bethany14@example.net,False,Wesleytown
bellrobert,bennettrobert@example.com,False,East Stephaniemouth
sara54,toddnathan@example.com,True,Richardhaven
pamelasummers,tracy16@example.net,False,West Heather
alfred47,scottandrews@example.org,True,Port Carol
brian03,flane@example.org,False,West Justintown
fullerkristina,wigginsadrian@example.net,False,South Diana
adamfitzgerald,jimmyreed@example.org,False,Jasonhaven
dunlapmichael,shannon39@example.net,True,Schwartzton
manderson,romerorandall@example.net,True,Greeneland
ronald91,phamcatherine@example.org,True,East Jonathanbury
robinsonkayla,hayesjeffrey@example.com,False,Obrienborough
xbowers,yhorton@example.net,True,New Kylehaven
bfrederick,awu@example.org,True,Chelseaview
lorijackson,brian33@example.com,False,Virginiachester
fmay,mark44@example.net,False,South Krystal
pwashington,sfrazier@example.com,False,Farmerbury
brittany35,megan47@example.com,False,Hernandezshire
gwhite,christinamathews@example.net,True,Port David
judy51,christopher94@example.net,False,East Duane
sotonatalie,jessicayoung@example.net,False,Lake Lindsay
debrasummers,fbaker@example.com,True,Sydneyberg
grahamnathaniel,julie67@example.org,True,Bradbury
maynardkelly,casey07@example.org,True,South Jackiemouth
sherri81,sarahbarrett@example.org,False,Lake Carl
taylorvanessa,lisaskinner@example.com,True,Guzmanbury
sandersmark,ucampbell@example.com,True,New Miguel
morrisariana,lcarr@example.com,False,South Brian
michaellopez,desireejones@example.org,False,North Cherylville
ryan27,alicia96@example.org,True,Port Angela
hhawkins,bdavis@example.org,False,Erictown
parellano,kellyamber@example.com,False,Perkinstown
margaret89,hatfieldjack@example.org,False,East Steven
jenkinslaura,thunter@example.com,False,Shellyberg
barbara07,donaldchurch@example.org,False,East Kathyberg
